Gel.dat,Gel,lim,cID,Sample,lane,Band,MW,Band Int.,Rel. Int.
2016-4-25_1_20150525-gel2-1_Dat,20150525-gel2,N,N3,01N3S2,3: 101-01N3S2,1,52036.4,112.74,0.7542
2016-4-25_1_20150525-gel2-1_Dat,20150525-gel2,N,N3,01N3S2,3: 101-01N3S2,2,24547.6,62,0.2458
2016-4-25_1_20150525-gel2-1_Dat,20150525-gel2,N,N1,19N1S4,4: 102-19N1S4,1,41657.9,89.7,0.3708
2016-4-25_1_20150525-gel2-1_Dat,20150525-gel2,N,N1,19N1S4,4: 102-19N1S4,2,40959.9,77.9,0.248
2016-4-25_1_20150525-gel2-1_Dat,20150525-gel2,N,N1,19N1S4,4: 102-19N1S4,3,30620.4,51.26,0.1704
2016-4-25_1_20150525-gel2-1_Dat,20150525-gel2,N,N1,19N1S4,4: 102-19N1S4,4,22190.5,81.79,0.2109
2016-4-25_1_20150525-gel2-1_Dat,20150525-gel2,N,N3,01N3S4,5: 103-01N3S4,1,25595.2,94.86,1
2016-4-25_1_20150525-gel2-1_Dat,20150525-gel2,P,P5,01P5S4,6: 104-01P5S4,1,23500,13.47,1
2016-4-25_1_20150525-gel2-1_Dat,20150525-gel2,P,P2,19P2S4,7: 105-19P2S4,1,55090.9,131.01,0.3721
2016-4-25_1_20150525-gel2-1_Dat,20150525-gel2,P,P2,19P2S4,7: 105-19P2S4,2,53563.6,150.93,0.071
2016-4-25_1_20150525-gel2-1_Dat,20150525-gel2,P,P2,19P2S4,7: 105-19P2S4,3,52036.4,157.75,0.0111
2016-4-25_1_20150525-gel2-1_Dat,20150525-gel2,P,P2,19P2S4,7: 105-19P2S4,4,49854.5,126.41,0.0774
2016-4-25_1_20150525-gel2-1_Dat,20150525-gel2,P,P2,19P2S4,7: 105-19P2S4,5,47454.5,79.27,0.0898
2016-4-25_1_20150525-gel2-1_Dat,20150525-gel2,P,P2,19P2S4,7: 105-19P2S4,6,44836.4,42.63,0.0528
2016-4-25_1_20150525-gel2-1_Dat,20150525-gel2,P,P2,19P2S4,7: 105-19P2S4,7,37642,13.41,0.0016
2016-4-25_1_20150525-gel2-1_Dat,20150525-gel2,P,P2,19P2S4,7: 105-19P2S4,8,32472.2,46.46,0.0597
2016-4-25_1_20150525-gel2-1_Dat,20150525-gel2,P,P2,19P2S4,7: 105-19P2S4,9,31006.2,125.84,0.1418
2016-4-25_1_20150525-gel2-1_Dat,20150525-gel2,P,P2,19P2S4,7: 105-19P2S4,10,26381,112.39,0.1227
2016-4-25_1_20150525-gel2-1_Dat,20150525-gel2,P,P5,19P5S3,8: 106-19P5S3,1,68331.1,416.01,0.0574
2016-4-25_1_20150525-gel2-1_Dat,20150525-gel2,P,P5,19P5S3,8: 106-19P5S3,2,54218.2,787.35,0.1057
2016-4-25_1_20150525-gel2-1_Dat,20150525-gel2,P,P5,19P5S3,8: 106-19P5S3,3,52254.5,1219.86,0.1191
2016-4-25_1_20150525-gel2-1_Dat,20150525-gel2,P,P5,19P5S3,8: 106-19P5S3,4,50072.7,1473.3,0.1744
2016-4-25_1_20150525-gel2-1_Dat,20150525-gel2,P,P5,19P5S3,8: 106-19P5S3,5,48327.3,1502.43,0.2097
2016-4-25_1_20150525-gel2-1_Dat,20150525-gel2,P,P5,19P5S3,8: 106-19P5S3,6,45490.9,870.07,0.0568
2016-4-25_1_20150525-gel2-1_Dat,20150525-gel2,P,P5,19P5S3,8: 106-19P5S3,7,42654.5,432.69,0.0444
2016-4-25_1_20150525-gel2-1_Dat,20150525-gel2,P,P5,19P5S3,8: 106-19P5S3,8,41842.1,319.41,0.035
2016-4-25_1_20150525-gel2-1_Dat,20150525-gel2,P,P5,19P5S3,8: 106-19P5S3,9,41422.8,185.68,0.031
2016-4-25_1_20150525-gel2-1_Dat,20150525-gel2,P,P5,19P5S3,8: 106-19P5S3,10,35558.6,132.46,0.0185
2016-4-25_1_20150525-gel2-1_Dat,20150525-gel2,P,P5,19P5S3,8: 106-19P5S3,11,34246.9,206.4,0.0269
2016-4-25_1_20150525-gel2-1_Dat,20150525-gel2,P,P5,19P5S3,8: 106-19P5S3,12,32703.7,351.16,0.0424
2016-4-25_1_20150525-gel2-1_Dat,20150525-gel2,P,P5,19P5S3,8: 106-19P5S3,13,31932.1,328.22,0.0707
2016-4-25_1_20150525-gel2-1_Dat,20150525-gel2,P,P5,19P5S3,8: 106-19P5S3,14,26904.8,82.72,0.008
2016-4-25_1_20150525-gel2-1_Dat,20150525-gel2,P,P5,19P5S1,9: 107-19P5S1,1,52690.9,85.6,0.7557
2016-4-25_1_20150525-gel2-1_Dat,20150525-gel2,P,P5,19P5S1,9: 107-19P5S1,2,31546.3,44.78,0.168
2016-4-25_1_20150525-gel2-1_Dat,20150525-gel2,P,P5,19P5S1,9: 107-19P5S1,3,27952.4,33.47,0.0763
2016-4-25_1_20150525-gel2-1_Dat,20150525-gel2,P,P2,01P2S1,10: 108-01P2S1,1,28738.1,79.06,1
2016-4-25_1_20150525-gel2-1_Dat,20150525-gel2,N,N5,19N5S2,11: 109-19N5S2,1,67695.4,61.81,0.0167
2016-4-25_1_20150525-gel2-1_Dat,20150525-gel2,N,N5,19N5S2,11: 109-19N5S2,2,63381.8,221.74,0.0896
2016-4-25_1_20150525-gel2-1_Dat,20150525-gel2,N,N5,19N5S2,11: 109-19N5S2,3,52254.5,264.12,0.125
2016-4-25_1_20150525-gel2-1_Dat,20150525-gel2,N,N5,19N5S2,11: 109-19N5S2,4,42436.4,756.91,0.192
2016-4-25_1_20150525-gel2-1_Dat,20150525-gel2,N,N5,19N5S2,11: 109-19N5S2,5,41789.5,823.54,0.2248
2016-4-25_1_20150525-gel2-1_Dat,20150525-gel2,N,N5,19N5S2,11: 109-19N5S2,6,40188.3,73.17,0.0244
2016-4-25_1_20150525-gel2-1_Dat,20150525-gel2,N,N5,19N5S2,11: 109-19N5S2,7,35481.5,63.68,0.0206
2016-4-25_1_20150525-gel2-1_Dat,20150525-gel2,N,N5,19N5S2,11: 109-19N5S2,8,33629.6,179.28,0.0378
2016-4-25_1_20150525-gel2-1_Dat,20150525-gel2,N,N5,19N5S2,11: 109-19N5S2,9,31932.1,421.04,0.2137
2016-4-25_1_20150525-gel2-1_Dat,20150525-gel2,N,N5,19N5S2,11: 109-19N5S2,10,26381,152.58,0.0553
2016-4-25_1_20150525-gel2-1_Dat,20150525-gel2,N,N2,19N2S1,12: 110-19N2S1,1,42000,159.99,0.1603
2016-4-25_1_20150525-gel2-1_Dat,20150525-gel2,N,N2,19N2S1,12: 110-19N2S1,2,41605.3,226.75,0.3224
2016-4-25_1_20150525-gel2-1_Dat,20150525-gel2,N,N2,19N2S1,12: 110-19N2S1,3,40728.4,168.47,0.1839
2016-4-25_1_20150525-gel2-1_Dat,20150525-gel2,N,N2,19N2S1,12: 110-19N2S1,4,29617.3,135.14,0.3334
2016-4-25_1_20160413-gel1_Data,20160413-gel1,N,N3,01N3S3,2: 17-01N3S3,1,31656.3,35,0.0711
2016-4-25_1_20160413-gel1_Data,20160413-gel1,N,N3,01N3S3,2: 17-01N3S3,2,28407.7,140,0.1752
2016-4-25_1_20160413-gel1_Data,20160413-gel1,N,N3,01N3S3,2: 17-01N3S3,3,26715.4,43,0.054
2016-4-25_1_20160413-gel1_Data,20160413-gel1,N,N3,01N3S3,2: 17-01N3S3,4,20030.8,43.51,0.0506
2016-4-25_1_20160413-gel1_Data,20160413-gel1,N,N3,01N3S3,2: 17-01N3S3,5,18338.5,317.42,0.4486
2016-4-25_1_20160413-gel1_Data,20160413-gel1,N,N3,01N3S3,2: 17-01N3S3,6,13259.3,66.11,0.2004
2016-4-25_1_20160413-gel1_Data,20160413-gel1,P,P4,05P4S1,3: 18-05P4S1,1,28576.9,167.33,0.4228
2016-4-25_1_20160413-gel1_Data,20160413-gel1,P,P4,05P4S1,3: 18-05P4S1,2,26884.6,47.45,0.1241
2016-4-25_1_20160413-gel1_Data,20160413-gel1,P,P4,05P4S1,3: 18-05P4S1,3,18592.3,159.71,0.3963
2016-4-25_1_20160413-gel1_Data,20160413-gel1,P,P4,05P4S1,3: 18-05P4S1,4,10814.8,15.55,0.0568
2016-4-25_1_20160413-gel1_Data,20160413-gel1,N,N2,05N2S1,4: 19-05N2S1,1,49407.4,145.34,0.0236
2016-4-25_1_20160413-gel1_Data,20160413-gel1,N,N2,05N2S1,4: 19-05N2S1,2,45851.9,1108.89,0.3809
2016-4-25_1_20160413-gel1_Data,20160413-gel1,N,N2,05N2S1,4: 19-05N2S1,3,41979.2,1460.69,0.4737
2016-4-25_1_20160413-gel1_Data,20160413-gel1,N,N2,05N2S1,4: 19-05N2S1,4,28830.8,131.88,0.0465
2016-4-25_1_20160413-gel1_Data,20160413-gel1,N,N2,05N2S1,4: 19-05N2S1,5,27307.7,112.82,0.0398
2016-4-25_1_20160413-gel1_Data,20160413-gel1,N,N2,05N2S1,4: 19-05N2S1,6,25276.9,103.07,0.0356
2016-4-25_1_20160413-gel1_Data,20160413-gel1,N,N2,01N2S1,5: 20-01N2S1,1,28915.4,140,0.2646
2016-4-25_1_20160413-gel1_Data,20160413-gel1,N,N2,01N2S1,5: 20-01N2S1,2,27223.1,43,0.0851
2016-4-25_1_20160413-gel1_Data,20160413-gel1,N,N2,01N2S1,5: 20-01N2S1,3,19100,140.45,0.2581
2016-4-25_1_20160413-gel1_Data,20160413-gel1,N,N2,01N2S1,5: 20-01N2S1,4,13629.6,91.55,0.3226
2016-4-25_1_20160413-gel1_Data,20160413-gel1,N,N2,01N2S1,5: 20-01N2S1,5,11111.1,34.15,0.0696
2016-4-25_1_20160413-gel1_Data,20160413-gel1,P,P4,01P4S5,6: 21-01P4S5,1,28915.4,177.19,0.2366
2016-4-25_1_20160413-gel1_Data,20160413-gel1,P,P4,01P4S5,6: 21-01P4S5,2,18676.9,69.83,0.3369
2016-4-25_1_20160413-gel1_Data,20160413-gel1,P,P4,01P4S5,6: 21-01P4S5,3,13555.6,130.5,0.3259
2016-4-25_1_20160413-gel1_Data,20160413-gel1,P,P4,01P4S5,6: 21-01P4S5,4,11259.3,66.51,0.1006
2016-4-25_1_20160413-gel1_Data,20160413-gel1,P,P5,19P5S5,7: 22-19P5S5,1,28830.8,190.9,0.2396
2016-4-25_1_20160413-gel1_Data,20160413-gel1,P,P5,19P5S5,7: 22-19P5S5,2,27138.5,49.07,0.0597
2016-4-25_1_20160413-gel1_Data,20160413-gel1,P,P5,19P5S5,7: 22-19P5S5,3,22823.1,29.84,0.04
2016-4-25_1_20160413-gel1_Data,20160413-gel1,P,P5,19P5S5,7: 22-19P5S5,4,19100,175.8,0.2271
2016-4-25_1_20160413-gel1_Data,20160413-gel1,P,P5,19P5S5,7: 22-19P5S5,5,17185.2,39.32,0.0561
2016-4-25_1_20160413-gel1_Data,20160413-gel1,P,P5,19P5S5,7: 22-19P5S5,6,13407.4,126.06,0.2969
2016-4-25_1_20160413-gel1_Data,20160413-gel1,P,P5,19P5S5,7: 22-19P5S5,7,11111.1,59.86,0.0806
2016-4-25_1_20160413-gel1_Data,20160413-gel1,N,N2,01N2S4,8: 23-01N2S4,1,28830.8,149,0.2897
2016-4-25_1_20160413-gel1_Data,20160413-gel1,N,N2,01N2S4,8: 23-01N2S4,2,27138.5,47,0.0907
2016-4-25_1_20160413-gel1_Data,20160413-gel1,N,N2,01N2S4,8: 23-01N2S4,3,18846.2,162.82,0.3076
2016-4-25_1_20160413-gel1_Data,20160413-gel1,N,N2,01N2S4,8: 23-01N2S4,4,13333.3,72.54,0.2673
2016-4-25_1_20160413-gel1_Data,20160413-gel1,N,N2,01N2S4,8: 23-01N2S4,5,10888.9,27.16,0.0447
2016-4-25_1_20160413-gel1_Data,20160413-gel1,N,N5,01N5S4,9: 24-01N5S4,6,28661.5,133.53,0.2256
2016-4-25_1_20160413-gel1_Data,20160413-gel1,N,N5,01N5S4,9: 24-01N5S4,7,27138.5,56.56,0.1031
2016-4-25_1_20160413-gel1_Data,20160413-gel1,N,N5,01N5S4,9: 24-01N5S4,8,18507.7,255.18,0.4577
2016-4-25_1_20160413-gel1_Data,20160413-gel1,N,N5,01N5S4,9: 24-01N5S4,9,17259.3,83.02,0.104
2016-4-25_1_20160413-gel1_Data,20160413-gel1,N,N5,01N5S4,9: 24-01N5S4,10,12963,22.03,0.0733
2016-4-25_1_20160413-gel1_Data,20160413-gel1,N,N5,01N5S4,9: 24-01N5S4,11,10444.4,22.5,0.0363
2016-4-25_1_20160413-gel2_Data,20160413-gel2,N,N5,19N5S1,2: 25-19N5S1,1,41632.5,576.15,0.0509
2016-4-25_1_20160413-gel2_Data,20160413-gel2,N,N5,19N5S1,2: 25-19N5S1,2,41554.2,1975.63,0.1967
2016-4-25_1_20160413-gel2_Data,20160413-gel2,N,N5,19N5S1,2: 25-19N5S1,3,38895.8,1540.14,0.147
2016-4-25_1_20160413-gel2_Data,20160413-gel2,N,N5,19N5S1,2: 25-19N5S1,4,27625,149.2,0.0117
2016-4-25_1_20160413-gel2_Data,20160413-gel2,N,N5,19N5S1,2: 25-19N5S1,5,25425,171.78,0.0235
2016-4-25_1_20160413-gel2_Data,20160413-gel2,N,N5,19N5S1,2: 25-19N5S1,6,21987.5,306.69,0.0455
2016-4-25_1_20160413-gel2_Data,20160413-gel2,N,N5,19N5S1,2: 25-19N5S1,7,17883.2,528.9,0.0919
2016-4-25_1_20160413-gel2_Data,20160413-gel2,N,N5,19N5S1,2: 25-19N5S1,8,17270.1,154.66,0.0126
2016-4-25_1_20160413-gel2_Data,20160413-gel2,N,N5,19N5S1,2: 25-19N5S1,9,16510.9,260.61,0.0297
2016-4-25_1_20160413-gel2_Data,20160413-gel2,N,N5,19N5S1,2: 25-19N5S1,10,15956.2,394.31,0.0289
2016-4-25_1_20160413-gel2_Data,20160413-gel2,N,N5,19N5S1,2: 25-19N5S1,11,15635,618.71,0.0809
2016-4-25_1_20160413-gel2_Data,20160413-gel2,N,N5,19N5S1,2: 25-19N5S1,12,14204.4,1577.5,0.1954
2016-4-25_1_20160413-gel2_Data,20160413-gel2,N,N5,19N5S1,2: 25-19N5S1,13,13766.4,625.04,0.076
2016-4-25_1_20160413-gel2_Data,20160413-gel2,N,N5,19N5S1,2: 25-19N5S1,14,12131.4,89.09,0.0095
2016-4-25_1_20160413-gel2_Data,20160413-gel2,N,N3,19N3S2,3: 26-19N3S2,1,41554.2,128.45,0.1873
2016-4-25_1_20160413-gel2_Data,20160413-gel2,N,N3,19N3S2,3: 26-19N3S2,2,38375,139.53,0.2037
2016-4-25_1_20160413-gel2_Data,20160413-gel2,N,N3,19N3S2,3: 26-19N3S2,3,17883.2,121.99,0.2145
2016-4-25_1_20160413-gel2_Data,20160413-gel2,N,N3,19N3S2,3: 26-19N3S2,4,17240.9,36.13,0.0439
2016-4-25_1_20160413-gel2_Data,20160413-gel2,N,N3,19N3S2,3: 26-19N3S2,5,14292,31.15,0.0523
2016-4-25_1_20160413-gel2_Data,20160413-gel2,N,N3,19N3S2,3: 26-19N3S2,6,13737.2,47.41,0.0816
2016-4-25_1_20160413-gel2_Data,20160413-gel2,N,N3,19N3S2,3: 26-19N3S2,7,11810.2,46.81,0.2167
2016-4-25_1_20160413-gel2_Data,20160413-gel2,N,N3,19N3S5,4: 27-19N3S5,1,41885.5,264.73,0.1997
2016-4-25_1_20160413-gel2_Data,20160413-gel2,N,N3,19N3S5,4: 27-19N3S5,2,41801.2,294.79,0.2117
2016-4-25_1_20160413-gel2_Data,20160413-gel2,N,N3,19N3S5,4: 27-19N3S5,3,41716.9,209.85,0.1351
2016-4-25_1_20160413-gel2_Data,20160413-gel2,N,N3,19N3S5,4: 27-19N3S5,4,41644.6,155.19,0.1002
2016-4-25_1_20160413-gel2_Data,20160413-gel2,N,N3,19N3S5,4: 27-19N3S5,5,41566.3,96.4,0.0656
2016-4-25_1_20160413-gel2_Data,20160413-gel2,N,N3,19N3S5,4: 27-19N3S5,6,17970.8,72.36,0.0335
2016-4-25_1_20160413-gel2_Data,20160413-gel2,N,N3,19N3S5,4: 27-19N3S5,7,17357.7,26.45,0.0133
2016-4-25_1_20160413-gel2_Data,20160413-gel2,N,N3,19N3S5,4: 27-19N3S5,8,15985.4,85.95,0.1515
2016-4-25_1_20160413-gel2_Data,20160413-gel2,N,N3,19N3S5,4: 27-19N3S5,9,14379.6,17.35,0.0136
2016-4-25_1_20160413-gel2_Data,20160413-gel2,N,N3,19N3S5,4: 27-19N3S5,10,13795.6,70.58,0.057
2016-4-25_1_20160413-gel2_Data,20160413-gel2,N,N3,19N3S5,4: 27-19N3S5,11,12160.6,26.84,0.0187
2016-4-25_1_20160413-gel2_Data,20160413-gel2,N,N5,01N5S2,5: 28-01N5S2,1,18000,43.44,0.1902
2016-4-25_1_20160413-gel2_Data,20160413-gel2,N,N5,01N5S2,5: 28-01N5S2,2,14496.4,151.58,0.4885
2016-4-25_1_20160413-gel2_Data,20160413-gel2,N,N5,01N5S2,5: 28-01N5S2,3,12189.8,46.41,0.1638
2016-4-25_1_20160413-gel2_Data,20160413-gel2,N,N5,01N5S2,5: 28-01N5S2,4,11313.9,35.44,0.1575
2016-4-25_1_20160413-gel2_Data,20160413-gel2,P,P4,19P4S3,6: 29-19P4S3,1,59454.5,288.26,0.0309
2016-4-25_1_20160413-gel2_Data,20160413-gel2,P,P4,19P4S3,6: 29-19P4S3,2,41650.6,1207.25,0.1054
2016-4-25_1_20160413-gel2_Data,20160413-gel2,P,P4,19P4S3,6: 29-19P4S3,3,41584.3,3720.4,0.2888
2016-4-25_1_20160413-gel2_Data,20160413-gel2,P,P4,19P4S3,6: 29-19P4S3,4,40979.2,3872.23,0.3062
2016-4-25_1_20160413-gel2_Data,20160413-gel2,P,P4,19P4S3,6: 29-19P4S3,5,30041.7,336.59,0.0302
2016-4-25_1_20160413-gel2_Data,20160413-gel2,P,P4,19P4S3,6: 29-19P4S3,6,27625,271.66,0.0228
2016-4-25_1_20160413-gel2_Data,20160413-gel2,P,P4,19P4S3,6: 29-19P4S3,7,24600,268.95,0.0212
2016-4-25_1_20160413-gel2_Data,20160413-gel2,P,P4,19P4S3,6: 29-19P4S3,8,21162.5,226,0.0226
2016-4-25_1_20160413-gel2_Data,20160413-gel2,P,P4,19P4S3,6: 29-19P4S3,9,18825,425.68,0.0359
2016-4-25_1_20160413-gel2_Data,20160413-gel2,P,P4,19P4S3,6: 29-19P4S3,10,17562,476.04,0.0523
2016-4-25_1_20160413-gel2_Data,20160413-gel2,P,P4,19P4S3,6: 29-19P4S3,11,16744.5,520.86,0.067
2016-4-25_1_20160413-gel2_Data,20160413-gel2,P,P4,19P4S3,6: 29-19P4S3,12,15897.8,151.6,0.0117
2016-4-25_1_20160413-gel2_Data,20160413-gel2,P,P4,19P4S3,6: 29-19P4S3,13,14408.8,1.6311,0
2016-4-25_1_20160413-gel2_Data,20160413-gel2,P,P4,19P4S3,6: 29-19P4S3,14,12219,34.79,0.0045
2016-4-25_1_20160413-gel2_Data,20160413-gel2,P,P4,19P4S3,6: 29-19P4S3,15,10788.3,24,0.0007
2016-4-25_1_20160413-gel2_Data,20160413-gel2,N,N2,05N2S4,7: 30-05N2S4,1,42545.5,325.84,0.0519
2016-4-25_1_20160413-gel2_Data,20160413-gel2,N,N2,05N2S4,7: 30-05N2S4,2,41945.8,502.57,0.0582
2016-4-25_1_20160413-gel2_Data,20160413-gel2,N,N2,05N2S4,7: 30-05N2S4,3,41885.5,631.29,0.062
2016-4-25_1_20160413-gel2_Data,20160413-gel2,N,N2,05N2S4,7: 30-05N2S4,4,41825.3,513.01,0.0383
2016-4-25_1_20160413-gel2_Data,20160413-gel2,N,N2,05N2S4,7: 30-05N2S4,5,41753,313.68,0.035
2016-4-25_1_20160413-gel2_Data,20160413-gel2,N,N2,05N2S4,7: 30-05N2S4,6,41680.7,229.35,0.0276
2016-4-25_1_20160413-gel2_Data,20160413-gel2,N,N2,05N2S4,7: 30-05N2S4,7,41590.4,334.93,0.0449
2016-4-25_1_20160413-gel2_Data,20160413-gel2,N,N2,05N2S4,7: 30-05N2S4,8,40979.2,262.49,0.0341
2016-4-25_1_20160413-gel2_Data,20160413-gel2,N,N2,05N2S4,7: 30-05N2S4,9,25287.5,219.11,0.0684
2016-4-25_1_20160413-gel2_Data,20160413-gel2,N,N2,05N2S4,7: 30-05N2S4,10,21712.5,176.39,0.0222
2016-4-25_1_20160413-gel2_Data,20160413-gel2,N,N2,05N2S4,7: 30-05N2S4,11,18550,170.75,0.0214
2016-4-25_1_20160413-gel2_Data,20160413-gel2,N,N2,05N2S4,7: 30-05N2S4,12,17562,133.23,0.0148
2016-4-25_1_20160413-gel2_Data,20160413-gel2,N,N2,05N2S4,7: 30-05N2S4,13,16978.1,134.67,0.0178
2016-4-25_1_20160413-gel2_Data,20160413-gel2,N,N2,05N2S4,7: 30-05N2S4,14,16335.8,235.07,0.0242
2016-4-25_1_20160413-gel2_Data,20160413-gel2,N,N2,05N2S4,7: 30-05N2S4,15,15781,446.54,0.0452
2016-4-25_1_20160413-gel2_Data,20160413-gel2,N,N2,05N2S4,7: 30-05N2S4,16,15430.7,777.21,0.1135
2016-4-25_1_20160413-gel2_Data,20160413-gel2,N,N2,05N2S4,7: 30-05N2S4,17,14438,632.27,0.0788
2016-4-25_1_20160413-gel2_Data,20160413-gel2,N,N2,05N2S4,7: 30-05N2S4,18,14058.4,379.91,0.0434
2016-4-25_1_20160413-gel2_Data,20160413-gel2,N,N2,05N2S4,7: 30-05N2S4,19,13532.8,1355.41,0.1749
2016-4-25_1_20160413-gel2_Data,20160413-gel2,N,N2,05N2S4,7: 30-05N2S4,20,13007.3,308.91,0.0234
2016-4-25_1_20160413-gel2_Data,20160413-gel2,A,8101,8101,8: 31-8101,1,17970.8,30.12,0.0878
2016-4-25_1_20160413-gel2_Data,20160413-gel2,A,8101,8101,8: 31-8101,2,13854,437.11,0.5991
2016-4-25_1_20160413-gel2_Data,20160413-gel2,A,8101,8101,8: 31-8101,3,13299.3,196.6,0.3131
2016-4-25_1_20160413-gel2_Data,20160413-gel2,A,7803R8,7803R8,9: 32-7803R8,1,48545.5,777.26,0.0861
2016-4-25_1_20160413-gel2_Data,20160413-gel2,A,7803R8,7803R8,9: 32-7803R8,2,44181.8,1490.03,0.0297
2016-4-25_1_20160413-gel2_Data,20160413-gel2,A,7803R8,7803R8,9: 32-7803R8,3,41963.9,2304.99,0.1646
2016-4-25_1_20160413-gel2_Data,20160413-gel2,A,7803R8,7803R8,9: 32-7803R8,4,41891.6,2190.15,0.2203
2016-4-25_1_20160413-gel2_Data,20160413-gel2,A,7803R8,7803R8,9: 32-7803R8,5,41831.3,1841.11,0.0599
2016-4-25_1_20160413-gel2_Data,20160413-gel2,A,7803R8,7803R8,9: 32-7803R8,6,41771.1,1443.08,0.1188
2016-4-25_1_20160413-gel2_Data,20160413-gel2,A,7803R8,7803R8,9: 32-7803R8,7,41686.7,794.42,0.0611
2016-4-25_1_20160413-gel2_Data,20160413-gel2,A,7803R8,7803R8,9: 32-7803R8,8,41596.4,303.87,0.0294
2016-4-25_1_20160413-gel2_Data,20160413-gel2,A,7803R8,7803R8,9: 32-7803R8,9,41512,173.22,0.015
2016-4-25_1_20160413-gel2_Data,20160413-gel2,A,7803R8,7803R8,9: 32-7803R8,10,33687.5,125.85,0.0109
2016-4-25_1_20160413-gel2_Data,20160413-gel2,A,7803R8,7803R8,9: 32-7803R8,11,25012.5,66.51,0.005
2016-4-25_1_20160413-gel2_Data,20160413-gel2,A,7803R8,7803R8,9: 32-7803R8,12,21850,67.73,0.0068
2016-4-25_1_20160413-gel2_Data,20160413-gel2,A,7803R8,7803R8,9: 32-7803R8,13,18962.5,190.75,0.0215
2016-4-25_1_20160413-gel2_Data,20160413-gel2,A,7803R8,7803R8,9: 32-7803R8,14,17474.5,165.16,0.0178
2016-4-25_1_20160413-gel2_Data,20160413-gel2,A,7803R8,7803R8,9: 32-7803R8,15,16890.5,585.09,0.0504
2016-4-25_1_20160413-gel2_Data,20160413-gel2,A,7803R8,7803R8,9: 32-7803R8,16,16365,347.82,0.0493
2016-4-25_1_20160413-gel2_Data,20160413-gel2,A,7803R8,7803R8,9: 32-7803R8,17,15985.4,480.07,0.0315
2016-4-25_1_20160413-gel2_Data,20160413-gel2,A,7803R8,7803R8,9: 32-7803R8,18,14496.4,230.98,0.0219
2016-4-25_1_20160420gel1-2_Data,20160420gel1,P,P5,01P5S5,2: 04-01P5S5,1,95333.3,87.94,0.0121
2016-4-25_1_20160420gel1-2_Data,20160420gel1,P,P5,01P5S5,3: 50-01P5S5,2,66000,142.64,0.0224
2016-4-25_1_20160420gel1-2_Data,20160420gel1,P,P5,01P5S5,3: 50-01P5S5,3,51882.4,303.93,0.0289
2016-4-25_1_20160420gel1-2_Data,20160420gel1,P,P5,01P5S5,3: 50-01P5S5,4,43882.4,767.92,0.1166
2016-4-25_1_20160420gel1-2_Data,20160420gel1,P,P5,01P5S5,3: 50-01P5S5,5,41788.5,522.57,0.0776
2016-4-25_1_20160420gel1-2_Data,20160420gel1,P,P5,01P5S5,3: 50-01P5S5,6,37214.3,170.45,0.0299
2016-4-25_1_20160420gel1-2_Data,20160420gel1,P,P5,01P5S5,3: 50-01P5S5,7,31500,282.09,0.0575
2016-4-25_1_20160420gel1-2_Data,20160420gel1,P,P5,01P5S5,3: 50-01P5S5,8,27329.1,1410.79,0.3205
2016-4-25_1_20160420gel1-2_Data,20160420gel1,P,P5,01P5S5,3: 50-01P5S5,9,24057,201.08,0.032
2016-4-25_1_20160420gel1-2_Data,20160420gel1,P,P5,01P5S5,3: 50-01P5S5,10,22038,356.19,0.0854
2016-4-25_1_20160420gel1-2_Data,20160420gel1,P,P5,01P5S5,3: 50-01P5S5,11,18974.7,310.95,0.0366
2016-4-25_1_20160420gel1-2_Data,20160420gel1,P,P5,01P5S5,3: 50-01P5S5,12,18069.6,1585.24,0.1425
2016-4-25_1_20160420gel1-2_Data,20160420gel1,P,P5,01P5S5,3: 50-01P5S5,13,17223.9,339.71,0.0348
2016-4-25_1_20160420gel1-2_Data,20160420gel1,P,P5,01P5S5,3: 50-01P5S5,14,14238.8,11.7,0.0009
2016-4-25_1_20160420gel1-2_Data,20160420gel1,P,P5,01P5S5,3: 50-01P5S5,15,13223.9,24.64,0.0021
2016-4-25_1_20160420gel1-2_Data,20160420gel1,P,P5,01P5S5,3: 50-01P5S5,16,45294.1,37.36,0.2272
2016-4-25_1_20160420gel1-2_Data,20160420gel1,N,N1,19N1S4,4: 2-19N1S4,1,41865.4,28.64,0.1946
2016-4-25_1_20160420gel1-2_Data,20160420gel1,N,N1,19N1S4,4: 2-19N1S4,2,17522.4,46.34,0.5254
2016-4-25_1_20160420gel1-2_Data,20160420gel1,N,N1,19N1S4,4: 2-19N1S4,3,16626.9,11.06,0.0527
2016-4-25_1_20160420gel1-2_Data,20160420gel1,N,N1,19N1S4,4: 2-19N1S4,4,54235.3,154.57,0.0335
2016-4-25_1_20160420gel1-2_Data,20160420gel1,N,N1,19N1S4,5: 42-19N1S4,1,46705.9,688.3,0.2498
2016-4-25_1_20160420gel1-2_Data,20160420gel1,N,N1,19N1S4,5: 42-19N1S4,2,41923.1,709.93,0.254
2016-4-25_1_20160420gel1-2_Data,20160420gel1,N,N1,19N1S4,5: 42-19N1S4,3,26632.9,63.09,0.0189
2016-4-25_1_20160420gel1-2_Data,20160420gel1,N,N1,19N1S4,5: 42-19N1S4,4,24753.2,157.23,0.0603
2016-4-25_1_20160420gel1-2_Data,20160420gel1,N,N1,19N1S4,5: 42-19N1S4,5,22664.6,384.05,0.2154
2016-4-25_1_20160420gel1-2_Data,20160420gel1,N,N1,19N1S4,5: 42-19N1S4,6,19113.9,131.64,0.0392
2016-4-25_1_20160420gel1-2_Data,20160420gel1,N,N1,19N1S4,5: 42-19N1S4,7,17820.9,330.95,0.1289
2016-4-25_1_20160420gel1-2_Data,20160420gel1,N,N1,19N1S4,5: 42-19N1S4,8,103333.3,526.58,0.0557
2016-4-25_1_20160420gel1-2_Data,20160420gel1,N,N2,19N2S5,6: 51-19N2S5,1,93200,67.4,0.0037
2016-4-25_1_20160420gel1-2_Data,20160420gel1,N,N2,19N2S5,6: 51-19N2S5,2,75066.7,360.4,0.0383
2016-4-25_1_20160420gel1-2_Data,20160420gel1,N,N2,19N2S5,6: 51-19N2S5,3,53764.7,1184.09,0.0625
2016-4-25_1_20160420gel1-2_Data,20160420gel1,N,N2,19N2S5,6: 51-19N2S5,4,45294.1,3085.5,0.1578
2016-4-25_1_20160420gel1-2_Data,20160420gel1,N,N2,19N2S5,6: 51-19N2S5,5,41846.2,3339.67,0.167
2016-4-25_1_20160420gel1-2_Data,20160420gel1,N,N2,19N2S5,6: 51-19N2S5,6,39178.6,526.43,0.0213
2016-4-25_1_20160420gel1-2_Data,20160420gel1,N,N2,19N2S5,6: 51-19N2S5,7,35071.4,384.89,0.038
2016-4-25_1_20160420gel1-2_Data,20160420gel1,N,N2,19N2S5,6: 51-19N2S5,8,31142.9,174.95,0.0088
2016-4-25_1_20160420gel1-2_Data,20160420gel1,N,N2,19N2S5,6: 51-19N2S5,9,28303.8,226,0.0112
2016-4-25_1_20160420gel1-2_Data,20160420gel1,N,N2,19N2S5,6: 51-19N2S5,10,26493.7,559.7,0.061
2016-4-25_1_20160420gel1-2_Data,20160420gel1,N,N2,19N2S5,6: 51-19N2S5,11,24265.8,835.87,0.1084
2016-4-25_1_20160420gel1-2_Data,20160420gel1,N,N2,19N2S5,6: 51-19N2S5,12,22386.1,1122.98,0.1968
2016-4-25_1_20160420gel1-2_Data,20160420gel1,N,N2,19N2S5,6: 51-19N2S5,13,19322.8,0,0
2016-4-25_1_20160420gel1-2_Data,20160420gel1,N,N2,19N2S5,6: 51-19N2S5,14,17283.6,629.84,0.0707
2016-4-25_1_20160420gel1-2_Data,20160420gel1,N,N2,19N2S5,6: 51-19N2S5,15,50470.6,82.33,0.289
2016-4-25_1_20160420gel1-2_Data,20160420gel1,N,N3,19N3S2,7: 26-19N3S2,1,42941.2,106.75,0.3839
2016-4-25_1_20160420gel1-2_Data,20160420gel1,N,N3,19N3S2,7: 26-19N3S2,2,22664.6,33.8,0.327
2016-4-25_1_20160420gel1-2_Data,20160420gel1,N,N3,19N3S2,7: 26-19N3S2,3,108666.7,130.52,0.0099
2016-4-25_1_20160420gel1-2_Data,20160420gel1,N,N3,19N3S4,8: 45-19N3S4,1,82000,156.41,0.0225
2016-4-25_1_20160420gel1-2_Data,20160420gel1,N,N3,19N3S4,8: 45-19N3S4,2,57529.4,715.09,0.0537
2016-4-25_1_20160420gel1-2_Data,20160420gel1,N,N3,19N3S4,8: 45-19N3S4,3,50000,2794.65,0.1963
2016-4-25_1_20160420gel1-2_Data,20160420gel1,N,N3,19N3S4,8: 45-19N3S4,4,42941.2,3348.93,0.232
2016-4-25_1_20160420gel1-2_Data,20160420gel1,N,N3,19N3S4,8: 45-19N3S4,5,33464.3,226.74,0.0247
2016-4-25_1_20160420gel1-2_Data,20160420gel1,N,N3,19N3S4,8: 45-19N3S4,6,28582.3,451.58,0.0568
2016-4-25_1_20160420gel1-2_Data,20160420gel1,N,N3,19N3S4,8: 45-19N3S4,7,26981,613.14,0.0895
2016-4-25_1_20160420gel1-2_Data,20160420gel1,N,N3,19N3S4,8: 45-19N3S4,8,24892.4,734.69,0.1204
2016-4-25_1_20160420gel1-2_Data,20160420gel1,N,N3,19N3S4,8: 45-19N3S4,9,22943,873.67,0.1608
2016-4-25_1_20160420gel1-2_Data,20160420gel1,N,N3,19N3S4,8: 45-19N3S4,10,19253.2,373.78,0.0335
2016-4-25_1_20160420gel1-2_Data,20160420gel1,N,N3,19N3S4,8: 45-19N3S4,11,82533.3,138.94,0.1682
2016-4-25_1_20160420gel1-2_Data,20160420gel1,N,N3,19N3S5,9: 27-19N3S5,1,76133.3,159.37,0.1926
2016-4-25_1_20160420gel1-2_Data,20160420gel1,N,N3,19N3S5,9: 27-19N3S5,2,70800,153.4,0.1697
2016-4-25_1_20160420gel1-2_Data,20160420gel1,N,N3,19N3S5,9: 27-19N3S5,3,64588.2,118.83,0.1322
2016-4-25_1_20160420gel1-2_Data,20160420gel1,N,N3,19N3S5,9: 27-19N3S5,4,57529.4,84.88,0.0941
2016-4-25_1_20160420gel1-2_Data,20160420gel1,N,N3,19N3S5,9: 27-19N3S5,5,48588.2,37.73,0.0449
2016-4-25_1_20160420gel1-2_Data,20160420gel1,N,N3,19N3S5,9: 27-19N3S5,6,42470.6,16.37,0.0211
2016-4-25_1_20160420gel1-2_Data,20160420gel1,N,N3,19N3S5,9: 27-19N3S5,7,23082.3,55.15,0.2159
2016-4-25_1_20160420gel1-2_Data,20160420gel1,N,N3,19N3S5,9: 27-19N3S5,8,18974.7,0,0
2016-4-25_1_20160420gel1-2_Data,20160420gel1,N,N3,19N3S5,9: 27-19N3S5,9,65125,687.56,0.0925
2016-4-25_1_20150525-gel1-1_Dat,20150525-gel1,A,A,1-7803,2: 101-7803,1,60750,1062.61,0.1056
2016-4-25_1_20150525-gel1-1_Dat,20150525-gel1,A,A,1-7803,2: 101-7803,2,54500,1757.76,0.1621
2016-4-25_1_20150525-gel1-1_Dat,20150525-gel1,A,A,1-7803,2: 101-7803,3,48250,2126.95,0.2068
2016-4-25_1_20150525-gel1-1_Dat,20150525-gel1,A,A,1-7803,2: 101-7803,4,42625,2001.56,0.0986
2016-4-25_1_20150525-gel1-1_Dat,20150525-gel1,A,A,1-7803,2: 101-7803,5,41722.2,1423.9,0.0604
2016-4-25_1_20150525-gel1-1_Dat,20150525-gel1,A,A,1-7803,2: 101-7803,6,41056.6,823.69,0.0449
2016-4-25_1_20150525-gel1-1_Dat,20150525-gel1,A,A,1-7803,2: 101-7803,7,39430.8,453,0.0339
2016-4-25_1_20150525-gel1-1_Dat,20150525-gel1,A,A,1-7803,2: 101-7803,8,37509.4,192.28,0.0112
2016-4-25_1_20150525-gel1-1_Dat,20150525-gel1,A,A,1-7803,2: 101-7803,9,35883.6,84.29,0.0029
2016-4-25_1_20150525-gel1-1_Dat,20150525-gel1,A,A,1-7803,2: 101-7803,10,33962.3,20.33,0
2016-4-25_1_20150525-gel1-1_Dat,20150525-gel1,A,A,1-7803,2: 101-7803,11,31449.7,0,0
2016-4-25_1_20150525-gel1-1_Dat,20150525-gel1,A,A,1-7803,2: 101-7803,12,29676.1,2.6118,0
2016-4-25_1_20150525-gel1-1_Dat,20150525-gel1,A,A,1-7803,2: 101-7803,13,27902.5,44.44,0.0025
2016-4-25_1_20150525-gel1-1_Dat,20150525-gel1,A,A,1-7803,2: 101-7803,14,25685.5,66.17,0.0075
2016-4-25_1_20150525-gel1-1_Dat,20150525-gel1,A,A,1-7803,2: 101-7803,15,23320.8,117.81,0.0173
2016-4-25_1_20150525-gel1-1_Dat,20150525-gel1,A,A,1-7803,2: 101-7803,16,20364.8,214.9,0.018
2016-4-25_1_20150525-gel1-1_Dat,20150525-gel1,A,A,1-7803,2: 101-7803,17,17733.3,202.48,0.0213
2016-4-25_1_20150525-gel1-1_Dat,20150525-gel1,A,A,1-7803,2: 101-7803,18,15688.9,334.48,0.0402
2016-4-25_1_20150525-gel1-1_Dat,20150525-gel1,A,A,1-7803,2: 101-7803,19,10355.6,1032.19,0.0758
2016-4-25_1_20150525-gel1-1_Dat,20150525-gel1,A,A,1-7803,2: 101-7803,20,61375,44.05,0.0078
2016-4-25_1_20150525-gel1-1_Dat,20150525-gel1,N,N3,01N3S3,3: 102-01N3S3,1,45750,31,0.0019
2016-4-25_1_20150525-gel1-1_Dat,20150525-gel1,N,N3,01N3S3,3: 102-01N3S3,2,41805.6,90.58,0.0106
2016-4-25_1_20150525-gel1-1_Dat,20150525-gel1,N,N3,01N3S3,3: 102-01N3S3,3,41056.6,32.55,0.0041
2016-4-25_1_20150525-gel1-1_Dat,20150525-gel1,N,N3,01N3S3,3: 102-01N3S3,4,29676.1,546.47,0.1615
2016-4-25_1_20150525-gel1-1_Dat,20150525-gel1,N,N3,01N3S3,3: 102-01N3S3,5,16755.6,451.03,0.086
2016-4-25_1_20150525-gel1-1_Dat,20150525-gel1,N,N3,01N3S3,3: 102-01N3S3,6,15600,321.44,0.0534
2016-4-25_1_20150525-gel1-1_Dat,20150525-gel1,N,N3,01N3S3,3: 102-01N3S3,7,7866.7,736.74,0.2957
2016-4-25_1_20150525-gel1-1_Dat,20150525-gel1,N,N3,01N3S3,3: 102-01N3S3,8,5288.9,716.62,0.379
2016-4-25_1_20150525-gel1-1_Dat,20150525-gel1,N,N3,01N3S3,3: 102-01N3S3,9,47000,137.69,0.0221
2016-4-25_1_20150525-gel1-1_Dat,20150525-gel1,P,P5,01P5S1,4: 103-01P5S1,1,39726.4,120.04,0.0196
2016-4-25_1_20150525-gel1-1_Dat,20150525-gel1,P,P5,01P5S1,4: 103-01P5S1,2,29676.1,604.05,0.1725
2016-4-25_1_20150525-gel1-1_Dat,20150525-gel1,P,P5,01P5S1,4: 103-01P5S1,3,16666.7,537.29,0.1095
2016-4-25_1_20150525-gel1-1_Dat,20150525-gel1,P,P5,01P5S1,4: 103-01P5S1,4,15688.9,466.36,0.0877
2016-4-25_1_20150525-gel1-1_Dat,20150525-gel1,P,P5,01P5S1,4: 103-01P5S1,5,11155.6,1.8903,0
2016-4-25_1_20150525-gel1-1_Dat,20150525-gel1,P,P5,01P5S1,4: 103-01P5S1,6,8044.4,1133.26,0.4157
2016-4-25_1_20150525-gel1-1_Dat,20150525-gel1,P,P5,01P5S1,4: 103-01P5S1,7,5200,592.88,0.1764
2016-4-25_1_20150525-gel1-1_Dat,20150525-gel1,P,P5,01P5S1,4: 103-01P5S1,8,41750,59.27,0.0276
2016-4-25_1_20150525-gel1-1_Dat,20150525-gel1,N,N5,21N5S5,5: 112-21N5S5,1,30267.3,99.57,0.0681
2016-4-25_1_20150525-gel1-1_Dat,20150525-gel1,N,N5,21N5S5,5: 112-21N5S5,2,16755.6,339.73,0.1897
2016-4-25_1_20150525-gel1-1_Dat,20150525-gel1,N,N5,21N5S5,5: 112-21N5S5,3,15688.9,180.64,0.0769
2016-4-25_1_20150525-gel1-1_Dat,20150525-gel1,N,N5,21N5S5,5: 112-21N5S5,4,11244.4,135.64,0.0708
2016-4-25_1_20150525-gel1-1_Dat,20150525-gel1,N,N5,21N5S5,5: 112-21N5S5,5,9555.6,398.59,0.1282
2016-4-25_1_20150525-gel1-1_Dat,20150525-gel1,N,N5,21N5S5,5: 112-21N5S5,6,8133.3,303.26,0.2294
2016-4-25_1_20150525-gel1-1_Dat,20150525-gel1,N,N5,21N5S5,5: 112-21N5S5,7,5377.8,203.28,0.2093
2016-4-25_1_20150525-gel1-1_Dat,20150525-gel1,N,N5,21N5S5,5: 112-21N5S5,8,97000,383.09,0.037
2016-4-25_1_20150525-gel1-1_Dat,20150525-gel1,P,P2,21P2S2,6: 114-21P2S2,1,65125,590.32,0.0726
2016-4-25_1_20150525-gel1-1_Dat,20150525-gel1,P,P2,21P2S2,6: 114-21P2S2,2,41527.8,1866.87,0.2843
2016-4-25_1_20150525-gel1-1_Dat,20150525-gel1,P,P2,21P2S2,6: 114-21P2S2,3,35883.6,658.35,0.0821
2016-4-25_1_20150525-gel1-1_Dat,20150525-gel1,P,P2,21P2S2,6: 114-21P2S2,4,31597.5,361.22,0.0183
2016-4-25_1_20150525-gel1-1_Dat,20150525-gel1,P,P2,21P2S2,6: 114-21P2S2,5,26720.1,566.64,0.054
2016-4-25_1_20150525-gel1-1_Dat,20150525-gel1,P,P2,21P2S2,6: 114-21P2S2,6,20512.6,977.61,0.1186
2016-4-25_1_20150525-gel1-1_Dat,20150525-gel1,P,P2,21P2S2,6: 114-21P2S2,7,15244.4,762.35,0.0543
2016-4-25_1_20150525-gel1-1_Dat,20150525-gel1,P,P2,21P2S2,6: 114-21P2S2,8,14000,428.99,0.0163
2016-4-25_1_20150525-gel1-1_Dat,20150525-gel1,P,P2,21P2S2,6: 114-21P2S2,9,9733.3,1340.91,0.0597
2016-4-25_1_20150525-gel1-1_Dat,20150525-gel1,P,P2,21P2S2,6: 114-21P2S2,10,8933.3,1162.93,0.0314
2016-4-25_1_20150525-gel1-1_Dat,20150525-gel1,P,P2,21P2S2,6: 114-21P2S2,11,8133.3,1526.02,0.13
2016-4-25_1_20150525-gel1-1_Dat,20150525-gel1,P,P2,21P2S2,6: 114-21P2S2,12,5200,368.26,0.0415
2016-4-25_1_20150525-gel1-1_Dat,20150525-gel1,P,P2,21P2S2,6: 114-21P2S2,13,83250,511.24,0.1285
2016-4-25_1_20150525-gel1-1_Dat,20150525-gel1,P,P3,21P3S2,7: 121-21P3S2,1,78875,598.34,0.0907
2016-4-25_1_20150525-gel1-1_Dat,20150525-gel1,P,P3,21P3S2,7: 121-21P3S2,2,73250,526.92,0.0558
2016-4-25_1_20150525-gel1-1_Dat,20150525-gel1,P,P3,21P3S2,7: 121-21P3S2,3,67625,326.8,0.0688
2016-4-25_1_20150525-gel1-1_Dat,20150525-gel1,P,P3,21P3S2,7: 121-21P3S2,4,60125,77.95,0.0123
2016-4-25_1_20150525-gel1-1_Dat,20150525-gel1,P,P3,21P3S2,7: 121-21P3S2,5,37361.6,92.77,0.0141
2016-4-25_1_20150525-gel1-1_Dat,20150525-gel1,P,P3,21P3S2,7: 121-21P3S2,6,34701.3,270.23,0.0391
2016-4-25_1_20150525-gel1-1_Dat,20150525-gel1,P,P3,21P3S2,7: 121-21P3S2,7,31006.3,425.04,0.0684
2016-4-25_1_20150525-gel1-1_Dat,20150525-gel1,P,P3,21P3S2,7: 121-21P3S2,8,24798.7,173.7,0.0221
2016-4-25_1_20150525-gel1-1_Dat,20150525-gel1,P,P3,21P3S2,7: 121-21P3S2,9,21990.6,560.08,0.1224
2016-4-25_1_20150525-gel1-1_Dat,20150525-gel1,P,P3,21P3S2,7: 121-21P3S2,10,17111.1,627.66,0.1035
2016-4-25_1_20150525-gel1-1_Dat,20150525-gel1,P,P3,21P3S2,7: 121-21P3S2,11,9555.6,529.54,0.099
2016-4-25_1_20150525-gel1-1_Dat,20150525-gel1,P,P3,21P3S2,7: 121-21P3S2,12,8577.8,691.39,0.1756
2016-4-25_1_20150525-gel1-1_Dat,20150525-gel1,P,P3,21P3S2,7: 121-21P3S2,13,96375,374.14,0.1432
2016-4-25_1_20150525-gel1-1_Dat,20150525-gel1,P,P4,21P4S3,8: 117-21P4S3,1,65125,351.9,0.1175
2016-4-25_1_20150525-gel1-1_Dat,20150525-gel1,P,P4,21P4S3,8: 117-21P4S3,2,41888.9,492.94,0.0782
2016-4-25_1_20150525-gel1-1_Dat,20150525-gel1,P,P4,21P4S3,8: 117-21P4S3,3,41527.8,342.08,0.0511
2016-4-25_1_20150525-gel1-1_Dat,20150525-gel1,P,P4,21P4S3,8: 117-21P4S3,4,34701.3,54.99,0.0082
2016-4-25_1_20150525-gel1-1_Dat,20150525-gel1,P,P4,21P4S3,8: 117-21P4S3,5,30858.5,80.79,0.0156
2016-4-25_1_20150525-gel1-1_Dat,20150525-gel1,P,P4,21P4S3,8: 117-21P4S3,6,21842.8,263.67,0.0591
2016-4-25_1_20150525-gel1-1_Dat,20150525-gel1,P,P4,21P4S3,8: 117-21P4S3,7,16755.6,220.05,0.0908
2016-4-25_1_20150525-gel1-1_Dat,20150525-gel1,P,P4,21P4S3,8: 117-21P4S3,8,9644.4,530.66,0.1048
2016-4-25_1_20150525-gel1-1_Dat,20150525-gel1,P,P4,21P4S3,8: 117-21P4S3,9,8577.8,865.39,0.2839
2016-4-25_1_20150525-gel1-1_Dat,20150525-gel1,P,P4,21P4S3,8: 117-21P4S3,10,5022.2,156.3,0.0477
2016-4-25_1_20150525-gel1-1_Dat,20150525-gel1,P,P4,21P4S3,8: 117-21P4S3,11,70125,552.42,0.1373
2016-4-25_1_20150525-gel1-1_Dat,20150525-gel1,P,P4,21P4S5,9: 118-21P4S5,12,65125,525.56,0.0859
2016-4-25_1_20150525-gel1-1_Dat,20150525-gel1,P,P4,21P4S5,9: 118-21P4S5,13,59500,378.88,0.0708
2016-4-25_1_20150525-gel1-1_Dat,20150525-gel1,P,P4,21P4S5,9: 118-21P4S5,14,51375,227.87,0.0401
2016-4-25_1_20150525-gel1-1_Dat,20150525-gel1,P,P4,21P4S5,9: 118-21P4S5,15,42000,519.97,0.0952
2016-4-25_1_20150525-gel1-1_Dat,20150525-gel1,P,P4,21P4S5,9: 118-21P4S5,16,41555.6,286.19,0.0482
2016-4-25_1_20150525-gel1-1_Dat,20150525-gel1,P,P4,21P4S5,9: 118-21P4S5,17,31449.7,57.2,0.0088
2016-4-25_1_20150525-gel1-1_Dat,20150525-gel1,P,P4,21P4S5,9: 118-21P4S5,18,21990.6,423.88,0.1289
2016-4-25_1_20150525-gel1-1_Dat,20150525-gel1,P,P4,21P4S5,9: 118-21P4S5,19,17466.7,308.93,0.0459
2016-4-25_1_20150525-gel1-1_Dat,20150525-gel1,P,P4,21P4S5,9: 118-21P4S5,20,16400,295.09,0.051
2016-4-25_1_20150525-gel1-1_Dat,20150525-gel1,P,P4,21P4S5,9: 118-21P4S5,21,9644.4,480.29,0.0888
2016-4-25_1_20150525-gel1-1_Dat,20150525-gel1,P,P4,21P4S5,9: 118-21P4S5,22,8666.7,667.94,0.1698
2016-4-25_1_20150525-gel1-1_Dat,20150525-gel1,P,P4,21P4S5,9: 118-21P4S5,23,4933.3,98.65,0.0294
2016-4-25_1_20150525-gel1-1_Dat,20150525-gel1,P,P4,21P4S5,9: 118-21P4S5,24,44360.7,55.05,0.0494
2016-4-25_2_20150525-gel3-4_Dat,20150525-gel3,N,N1,19N1S2,3: 11-19N1S2,1,41500,73.95,0.0597
2016-4-25_2_20150525-gel3-4_Dat,20150525-gel3,N,N1,19N1S2,3: 11-19N1S2,2,38836.1,84.44,0.0573
2016-4-25_2_20150525-gel3-4_Dat,20150525-gel3,N,N1,19N1S2,3: 11-19N1S2,3,35557.4,132.54,0.0932
2016-4-25_2_20150525-gel3-4_Dat,20150525-gel3,N,N1,19N1S2,3: 11-19N1S2,4,32278.7,109.44,0.0786
2016-4-25_2_20150525-gel3-4_Dat,20150525-gel3,N,N1,19N1S2,3: 11-19N1S2,5,16325.6,47.03,0.0418
2016-4-25_2_20150525-gel3-4_Dat,20150525-gel3,N,N1,19N1S2,3: 11-19N1S2,6,15116.3,62.5,0.0415
2016-4-25_2_20150525-gel3-4_Dat,20150525-gel3,N,N1,19N1S2,3: 11-19N1S2,7,14000,33.75,0.0181
2016-4-25_2_20150525-gel3-4_Dat,20150525-gel3,N,N1,19N1S2,3: 11-19N1S2,8,9534.9,186.78,0.1069
2016-4-25_2_20150525-gel3-4_Dat,20150525-gel3,N,N1,19N1S2,3: 11-19N1S2,9,7581.4,150.42,0.2333
2016-4-25_2_20150525-gel3-4_Dat,20150525-gel3,N,N1,19N1S2,3: 11-19N1S2,10,4883.7,174.33,0.2202
2016-4-25_2_20150525-gel3-4_Dat,20150525-gel3,N,N1,19N1S2,3: 11-19N1S2,11,40680.3,273.5,0.2746
2016-4-25_2_20150525-gel3-4_Dat,20150525-gel3,N,N3,19N3S4,4: 12-19N3S4,1,37196.7,249.22,0.1366
2016-4-25_2_20150525-gel3-4_Dat,20150525-gel3,N,N3,19N3S4,4: 12-19N3S4,2,20825.7,70.8,0.0629
2016-4-25_2_20150525-gel3-4_Dat,20150525-gel3,N,N3,19N3S4,4: 12-19N3S4,3,19412.8,117.55,0.1195
2016-4-25_2_20150525-gel3-4_Dat,20150525-gel3,N,N3,19N3S4,4: 12-19N3S4,4,9162.8,74.2,0.0974
2016-4-25_2_20150525-gel3-4_Dat,20150525-gel3,N,N3,19N3S4,4: 12-19N3S4,5,7395.3,126.88,0.0861
2016-4-25_2_20150525-gel3-4_Dat,20150525-gel3,N,N3,19N3S4,4: 12-19N3S4,6,4604.7,181.8,0.2228
2016-4-25_2_20150525-gel3-4_Dat,20150525-gel3,N,N3,19N3S4,4: 12-19N3S4,7,53409.8,52.7,0.082
2016-4-25_2_20150525-gel3-4_Dat,20150525-gel3,P,P4,19P4S5,5: 13-19P4S5,1,41295.1,14.68,0
2016-4-25_2_20150525-gel3-4_Dat,20150525-gel3,P,P4,19P4S5,5: 13-19P4S5,2,37606.6,2.6985,0
2016-4-25_2_20150525-gel3-4_Dat,20150525-gel3,P,P4,19P4S5,5: 13-19P4S5,3,18201.8,52.24,0.0809
2016-4-25_2_20150525-gel3-4_Dat,20150525-gel3,P,P4,19P4S5,5: 13-19P4S5,4,15767.4,6.8733,0
2016-4-25_2_20150525-gel3-4_Dat,20150525-gel3,P,P4,19P4S5,5: 13-19P4S5,5,13907,49.65,0.0283
2016-4-25_2_20150525-gel3-4_Dat,20150525-gel3,P,P4,19P4S5,5: 13-19P4S5,6,9534.9,143.34,0.1168
2016-4-25_2_20150525-gel3-4_Dat,20150525-gel3,P,P4,19P4S5,5: 13-19P4S5,7,7209.3,156.35,0.2562
2016-4-25_2_20150525-gel3-4_Dat,20150525-gel3,P,P4,19P4S5,5: 13-19P4S5,8,4418.6,223.99,0.4898
2016-4-25_2_20150525-gel3-4_Dat,20150525-gel3,P,P4,19P4S5,5: 13-19P4S5,9,57344.3,258.09,0.04
2016-4-25_2_20150525-gel3-4_Dat,20150525-gel3,P,P2,19P2S2,6: 14-19P2S2,1,51836.1,282.87,0.1665
2016-4-25_2_20150525-gel3-4_Dat,20150525-gel3,P,P2,19P2S2,6: 14-19P2S2,2,47901.6,232.33,0.0642
2016-4-25_2_20150525-gel3-4_Dat,20150525-gel3,P,P2,19P2S2,6: 14-19P2S2,3,43180.3,161.27,0.0361
2016-4-25_2_20150525-gel3-4_Dat,20150525-gel3,P,P2,19P2S2,6: 14-19P2S2,4,41705.9,99.18,0.0263
2016-4-25_2_20150525-gel3-4_Dat,20150525-gel3,P,P2,19P2S2,6: 14-19P2S2,5,28394.5,43.76,0.016
2016-4-25_2_20150525-gel3-4_Dat,20150525-gel3,P,P2,19P2S2,6: 14-19P2S2,6,25770.6,44.34,0.0198
2016-4-25_2_20150525-gel3-4_Dat,20150525-gel3,P,P2,19P2S2,6: 14-19P2S2,7,21330.3,77.38,0.0283
2016-4-25_2_20150525-gel3-4_Dat,20150525-gel3,P,P2,19P2S2,6: 14-19P2S2,8,19211,214.3,0.1095
2016-4-25_2_20150525-gel3-4_Dat,20150525-gel3,P,P2,19P2S2,6: 14-19P2S2,9,15767.4,194.44,0.0856
2016-4-25_2_20150525-gel3-4_Dat,20150525-gel3,P,P2,19P2S2,6: 14-19P2S2,10,9534.9,255,0.0713
2016-4-25_2_20150525-gel3-4_Dat,20150525-gel3,P,P2,19P2S2,6: 14-19P2S2,11,7488.4,247.35,0.1719
2016-4-25_2_20150525-gel3-4_Dat,20150525-gel3,P,P2,19P2S2,6: 14-19P2S2,12,4697.7,221.6,0.1645
2016-4-25_2_20150525-gel3-4_Dat,20150525-gel3,P,P2,19P2S2,6: 14-19P2S2,13,3116.3,509.83,1
2016-4-25_2_20150525-gel3-4_Dat,20150525-gel3,P,P2,01P2S2,7: 15-01P2S2,14,74000,425.6,0.1383
2016-4-25_2_20150525-gel3-4_Dat,20150525-gel3,N,N2,01N2S3,8: 16-01N2S3,1,41735.3,203.38,0.0299
2016-4-25_2_20150525-gel3-4_Dat,20150525-gel3,N,N2,01N2S3,8: 16-01N2S3,2,40680.3,1060.52,0.1568
2016-4-25_2_20150525-gel3-4_Dat,20150525-gel3,N,N2,01N2S3,8: 16-01N2S3,3,37606.6,928.85,0.2787
2016-4-25_2_20150525-gel3-4_Dat,20150525-gel3,N,N2,01N2S3,8: 16-01N2S3,4,23348.6,44.01,0.0051
2016-4-25_2_20150525-gel3-4_Dat,20150525-gel3,N,N2,01N2S3,8: 16-01N2S3,5,21229.4,95.14,0.0373
2016-4-25_2_20150525-gel3-4_Dat,20150525-gel3,N,N2,01N2S3,8: 16-01N2S3,6,9534.9,145.96,0.0194
2016-4-25_2_20150525-gel3-4_Dat,20150525-gel3,N,N2,01N2S3,8: 16-01N2S3,7,8604.7,217.83,0.0294
2016-4-25_2_20150525-gel3-4_Dat,20150525-gel3,N,N2,01N2S3,8: 16-01N2S3,8,7395.3,336.88,0.1119
2016-4-25_2_20150525-gel3-4_Dat,20150525-gel3,N,N2,01N2S3,8: 16-01N2S3,9,4511.6,437.38,0.1933
2016-4-25_2_20150525-gel3-4_Dat,20150525-gel3,N,N2,01N2S3,8: 16-01N2S3,10,65606.6,402.06,0.0641
2016-4-25_2_20150525-gel3-4_Dat,20150525-gel3,P,P2,21P2S1,9: 113-21P2S1,1,63245.9,477.13,0.0904
2016-4-25_2_20150525-gel3-4_Dat,20150525-gel3,P,P2,21P2S1,9: 113-21P2S1,2,59311.5,527.76,0.0895
2016-4-25_2_20150525-gel3-4_Dat,20150525-gel3,P,P2,21P2S1,9: 113-21P2S1,3,56163.9,529.82,0.1018
2016-4-25_2_20150525-gel3-4_Dat,20150525-gel3,P,P2,21P2S1,9: 113-21P2S1,4,52229.5,386.35,0.0607
2016-4-25_2_20150525-gel3-4_Dat,20150525-gel3,P,P2,21P2S1,9: 113-21P2S1,5,48295.1,265.38,0.0388
2016-4-25_2_20150525-gel3-4_Dat,20150525-gel3,P,P2,21P2S1,9: 113-21P2S1,6,43180.3,173.48,0.0196
2016-4-25_2_20150525-gel3-4_Dat,20150525-gel3,P,P2,21P2S1,9: 113-21P2S1,7,41764.7,128.24,0.0154
2016-4-25_2_20150525-gel3-4_Dat,20150525-gel3,P,P2,21P2S1,9: 113-21P2S1,8,32893.4,167.36,0.0304
2016-4-25_2_20150525-gel3-4_Dat,20150525-gel3,P,P2,21P2S1,9: 113-21P2S1,9,28596.3,186.45,0.0274
2016-4-25_2_20150525-gel3-4_Dat,20150525-gel3,P,P2,21P2S1,9: 113-21P2S1,10,25972.5,273.61,0.0429
2016-4-25_2_20150525-gel3-4_Dat,20150525-gel3,P,P2,21P2S1,9: 113-21P2S1,11,21733.9,200.49,0.0256
2016-4-25_2_20150525-gel3-4_Dat,20150525-gel3,P,P2,21P2S1,9: 113-21P2S1,12,19614.7,432.15,0.0719
2016-4-25_2_20150525-gel3-4_Dat,20150525-gel3,P,P2,21P2S1,9: 113-21P2S1,13,15953.5,374.49,0.0501
2016-4-25_2_20150525-gel3-4_Dat,20150525-gel3,P,P2,21P2S1,9: 113-21P2S1,14,9534.9,271.73,0.0216
2016-4-25_2_20150525-gel3-4_Dat,20150525-gel3,P,P2,21P2S1,9: 113-21P2S1,15,7488.4,591.15,0.1524
2016-4-25_2_20150525-gel3-4_Dat,20150525-gel3,P,P2,21P2S1,9: 113-21P2S1,16,4325.6,431.85,0.0975
2016-4-25_2_20150525-gel3-4_Dat,20150525-gel3,P,P2,21P2S1,9: 113-21P2S1,17,70869.6,165.74,0.0627
2016-4-25_2_20150525-gel3-4_Dat,20150525-gel3,P,P4,21P4S4,10: 115-21P4S4,1,67043.5,235.48,0.0753
2016-4-25_2_20150525-gel3-4_Dat,20150525-gel3,P,P4,21P4S4,10: 115-21P4S4,2,60491.8,235.7,0.1113
2016-4-25_2_20150525-gel3-4_Dat,20150525-gel3,P,P4,21P4S4,10: 115-21P4S4,3,56557.4,217.23,0.0526
2016-4-25_2_20150525-gel3-4_Dat,20150525-gel3,P,P4,21P4S4,10: 115-21P4S4,4,52623,145.44,0.0548
2016-4-25_2_20150525-gel3-4_Dat,20150525-gel3,P,P4,21P4S4,10: 115-21P4S4,5,48688.5,92.03,0.0424
2016-4-25_2_20150525-gel3-4_Dat,20150525-gel3,P,P4,21P4S4,10: 115-21P4S4,6,43967.2,44.94,0.0163
2016-4-25_2_20150525-gel3-4_Dat,20150525-gel3,P,P4,21P4S4,10: 115-21P4S4,7,29000,17.93,0.0049
2016-4-25_2_20150525-gel3-4_Dat,20150525-gel3,P,P4,21P4S4,10: 115-21P4S4,8,26275.2,37.08,0.0112
2016-4-25_2_20150525-gel3-4_Dat,20150525-gel3,P,P4,21P4S4,10: 115-21P4S4,9,21935.8,64.29,0.0171
2016-4-25_2_20150525-gel3-4_Dat,20150525-gel3,P,P4,21P4S4,10: 115-21P4S4,10,19816.5,179.33,0.0798
2016-4-25_2_20150525-gel3-4_Dat,20150525-gel3,P,P4,21P4S4,10: 115-21P4S4,11,16232.6,174.13,0.0563
2016-4-25_2_20150525-gel3-4_Dat,20150525-gel3,P,P4,21P4S4,10: 115-21P4S4,12,9069.8,178.94,0.0833
2016-4-25_2_20150525-gel3-4_Dat,20150525-gel3,P,P4,21P4S4,10: 115-21P4S4,13,7674.4,283.19,0.1484
2016-4-25_2_20150525-gel3-4_Dat,20150525-gel3,P,P4,21P4S4,10: 115-21P4S4,14,4790.7,271.55,0.1836
2016-4-25_2_20150525-gel3-4_Dat,20150525-gel3,P,P4,21P4S4,10: 115-21P4S4,15,67739.1,435.45,0.1359
2016-4-25_2_20150525-gel3-4_Dat,20150525-gel3,P,P4,21P4S2,11: 116-21P4S2,1,65606.6,444.98,0.0574
2016-4-25_2_20150525-gel3-4_Dat,20150525-gel3,P,P4,21P4S2,11: 116-21P4S2,2,62065.6,431.35,0.0724
2016-4-25_2_20150525-gel3-4_Dat,20150525-gel3,P,P4,21P4S2,11: 116-21P4S2,3,58918,388.71,0.0706
2016-4-25_2_20150525-gel3-4_Dat,20150525-gel3,P,P4,21P4S2,11: 116-21P4S2,4,55377,300.08,0.0591
2016-4-25_2_20150525-gel3-4_Dat,20150525-gel3,P,P4,21P4S2,11: 116-21P4S2,5,51442.6,207.71,0.0443
2016-4-25_2_20150525-gel3-4_Dat,20150525-gel3,P,P4,21P4S2,11: 116-21P4S2,6,47114.8,148.74,0.0327
2016-4-25_2_20150525-gel3-4_Dat,20150525-gel3,P,P4,21P4S2,11: 116-21P4S2,7,42000,114.14,0.0327
2016-4-25_2_20150525-gel3-4_Dat,20150525-gel3,P,P4,21P4S2,11: 116-21P4S2,8,30229.5,98.31,0.025
2016-4-25_2_20150525-gel3-4_Dat,20150525-gel3,P,P4,21P4S2,11: 116-21P4S2,9,26981.7,214.86,0.0489
2016-4-25_2_20150525-gel3-4_Dat,20150525-gel3,P,P4,21P4S2,11: 116-21P4S2,10,24761.5,137.81,0.0315
2016-4-25_2_20150525-gel3-4_Dat,20150525-gel3,P,P4,21P4S2,11: 116-21P4S2,11,22844,161.93,0.0137
2016-4-25_2_20150525-gel3-4_Dat,20150525-gel3,P,P4,21P4S2,11: 116-21P4S2,12,20422,206.3,0.055
2016-4-25_2_20150525-gel3-4_Dat,20150525-gel3,P,P4,21P4S2,11: 116-21P4S2,13,16883.7,291.98,0.0502
2016-4-25_2_20150525-gel3-4_Dat,20150525-gel3,P,P4,21P4S2,11: 116-21P4S2,14,7860.5,414.89,0.1479
2016-4-25_2_20150525-gel3-4_Dat,20150525-gel3,P,P4,21P4S2,11: 116-21P4S2,15,4976.7,333.38,0.1227
2016-4-25_2_20150525-gel3-4_Dat,20150525-gel3,P,P4,21P4S2,11: 116-21P4S2,16,58131.1,369.8,0.0605
2016-4-25_2_20150525-gel3-4_Dat,20150525-gel3,N,N3,21N3S4,12: 119-21N3S4,1,45541,416.85,0.0249
2016-4-25_2_20150525-gel3-4_Dat,20150525-gel3,N,N3,21N3S4,12: 119-21N3S4,2,41941.2,1053.65,0.0542
2016-4-25_2_20150525-gel3-4_Dat,20150525-gel3,N,N3,21N3S4,12: 119-21N3S4,3,41558.8,965.04,0.0778
2016-4-25_2_20150525-gel3-4_Dat,20150525-gel3,N,N3,21N3S4,12: 119-21N3S4,4,36377,404.43,0.0444
2016-4-25_2_20150525-gel3-4_Dat,20150525-gel3,N,N3,21N3S4,12: 119-21N3S4,5,32278.7,378.21,0.0411
2016-4-25_2_20150525-gel3-4_Dat,20150525-gel3,N,N3,21N3S4,12: 119-21N3S4,6,28091.7,405.99,0.0517
2016-4-25_2_20150525-gel3-4_Dat,20150525-gel3,N,N3,21N3S4,12: 119-21N3S4,7,25669.7,145.6,0.0175
2016-4-25_2_20150525-gel3-4_Dat,20150525-gel3,N,N3,21N3S4,12: 119-21N3S4,8,23449.5,296.34,0.0232
2016-4-25_2_20150525-gel3-4_Dat,20150525-gel3,N,N3,21N3S4,12: 119-21N3S4,9,21834.9,553.57,0.0809
2016-4-25_2_20150525-gel3-4_Dat,20150525-gel3,N,N3,21N3S4,12: 119-21N3S4,10,18000,311.37,0.0395
2016-4-25_2_20150525-gel3-4_Dat,20150525-gel3,N,N3,21N3S4,12: 119-21N3S4,11,8139.5,1341.47,0.2411
2016-4-25_2_20150525-gel3-4_Dat,20150525-gel3,N,N3,21N3S4,12: 119-21N3S4,12,5441.9,1278.59,0.2432
2016-4-25_2_20150525-gel3-4_Dat,20150525-gel3,N,N3,21N3S4,12: 119-21N3S4,13,65125,687.56,0.0925
2016-4-25_1_20150525-gel1-1_Dat,20150525-gel1,A,A,7803,2: 101-7803,1,60750,1062.61,0.1056
2016-4-25_1_20150525-gel1-1_Dat,20150525-gel1,A,A,7803,2: 101-7803,2,54500,1757.76,0.1621
2016-4-25_1_20150525-gel1-1_Dat,20150525-gel1,A,A,7803,2: 101-7803,3,48250,2126.95,0.2068
2016-4-25_1_20150525-gel1-1_Dat,20150525-gel1,A,A,7803,2: 101-7803,4,42625,2001.56,0.0986
2016-4-25_1_20150525-gel1-1_Dat,20150525-gel1,A,A,7803,2: 101-7803,5,41722.2,1423.9,0.0604
2016-4-25_1_20150525-gel1-1_Dat,20150525-gel1,A,A,7803,2: 101-7803,6,41056.6,823.69,0.0449
2016-4-25_1_20150525-gel1-1_Dat,20150525-gel1,A,A,7803,2: 101-7803,7,39430.8,453,0.0339
2016-4-25_1_20150525-gel1-1_Dat,20150525-gel1,A,A,7803,2: 101-7803,8,37509.4,192.28,0.0112
2016-4-25_1_20150525-gel1-1_Dat,20150525-gel1,A,A,7803,2: 101-7803,9,35883.6,84.29,0.0029
2016-4-25_1_20150525-gel1-1_Dat,20150525-gel1,A,A,7803,2: 101-7803,10,33962.3,20.33,0
2016-4-25_1_20150525-gel1-1_Dat,20150525-gel1,A,A,7803,2: 101-7803,11,31449.7,0,0
2016-4-25_1_20150525-gel1-1_Dat,20150525-gel1,A,A,7803,2: 101-7803,12,29676.1,2.6118,0
2016-4-25_1_20150525-gel1-1_Dat,20150525-gel1,A,A,7803,2: 101-7803,13,27902.5,44.44,0.0025
2016-4-25_1_20150525-gel1-1_Dat,20150525-gel1,A,A,7803,2: 101-7803,14,25685.5,66.17,0.0075
2016-4-25_1_20150525-gel1-1_Dat,20150525-gel1,A,A,7803,2: 101-7803,15,23320.8,117.81,0.0173
2016-4-25_1_20150525-gel1-1_Dat,20150525-gel1,A,A,7803,2: 101-7803,16,20364.8,214.9,0.018
2016-4-25_1_20150525-gel1-1_Dat,20150525-gel1,A,A,7803,2: 101-7803,17,17733.3,202.48,0.0213
2016-4-25_1_20150525-gel1-1_Dat,20150525-gel1,A,A,7803,2: 101-7803,18,15688.9,334.48,0.0402
2016-4-25_1_20150525-gel1-1_Dat,20150525-gel1,A,A,7803,2: 101-7803,19,10355.6,1032.19,0.0758
2016-4-25_1_20150525-gel1-1_Dat,20150525-gel1,A,A,7803,2: 101-7803,20,61375,44.05,0.0078
2016-4-25_1_20150525-gel1-1_Dat,20150525-gel1,N,N3,01N3S3,3: 102-01N3S3,1,45750,31,0.0019
2016-4-25_1_20150525-gel1-1_Dat,20150525-gel1,N,N3,01N3S3,3: 102-01N3S3,2,41805.6,90.58,0.0106
2016-4-25_1_20150525-gel1-1_Dat,20150525-gel1,N,N3,01N3S3,3: 102-01N3S3,3,41056.6,32.55,0.0041
2016-4-25_1_20150525-gel1-1_Dat,20150525-gel1,N,N3,01N3S3,3: 102-01N3S3,4,29676.1,546.47,0.1615
2016-4-25_1_20150525-gel1-1_Dat,20150525-gel1,N,N3,01N3S3,3: 102-01N3S3,5,16755.6,451.03,0.086
2016-4-25_1_20150525-gel1-1_Dat,20150525-gel1,N,N3,01N3S3,3: 102-01N3S3,6,15600,321.44,0.0534
2016-4-25_1_20150525-gel1-1_Dat,20150525-gel1,N,N3,01N3S3,3: 102-01N3S3,7,7866.7,736.74,0.2957
2016-4-25_1_20150525-gel1-1_Dat,20150525-gel1,N,N3,01N3S3,3: 102-01N3S3,8,5288.9,716.62,0.379
2016-4-25_1_20150525-gel1-1_Dat,20150525-gel1,N,N3,01N3S3,3: 102-01N3S3,9,47000,137.69,0.0221
2016-4-25_1_20150525-gel1-1_Dat,20150525-gel1,P,P5,01P5S1,4: 103-01P5S1,1,39726.4,120.04,0.0196
2016-4-25_1_20150525-gel1-1_Dat,20150525-gel1,P,P5,01P5S1,4: 103-01P5S1,2,29676.1,604.05,0.1725
2016-4-25_1_20150525-gel1-1_Dat,20150525-gel1,P,P5,01P5S1,4: 103-01P5S1,3,16666.7,537.29,0.1095
2016-4-25_1_20150525-gel1-1_Dat,20150525-gel1,P,P5,01P5S1,4: 103-01P5S1,4,15688.9,466.36,0.0877
2016-4-25_1_20150525-gel1-1_Dat,20150525-gel1,P,P5,01P5S1,4: 103-01P5S1,5,11155.6,1.8903,0
2016-4-25_1_20150525-gel1-1_Dat,20150525-gel1,P,P5,01P5S1,4: 103-01P5S1,6,8044.4,1133.26,0.4157
2016-4-25_1_20150525-gel1-1_Dat,20150525-gel1,P,P5,01P5S1,4: 103-01P5S1,7,5200,592.88,0.1764
2016-4-25_1_20150525-gel1-1_Dat,20150525-gel1,P,P5,01P5S1,4: 103-01P5S1,8,41750,59.27,0.0276
2016-4-25_1_20150525-gel1-1_Dat,20150525-gel1,N,N5,21N5S5,5: 112-21N5S5,1,30267.3,99.57,0.0681
2016-4-25_1_20150525-gel1-1_Dat,20150525-gel1,N,N5,21N5S5,5: 112-21N5S5,2,16755.6,339.73,0.1897
2016-4-25_1_20150525-gel1-1_Dat,20150525-gel1,N,N5,21N5S5,5: 112-21N5S5,3,15688.9,180.64,0.0769
2016-4-25_1_20150525-gel1-1_Dat,20150525-gel1,N,N5,21N5S5,5: 112-21N5S5,4,11244.4,135.64,0.0708
2016-4-25_1_20150525-gel1-1_Dat,20150525-gel1,N,N5,21N5S5,5: 112-21N5S5,5,9555.6,398.59,0.1282
2016-4-25_1_20150525-gel1-1_Dat,20150525-gel1,N,N5,21N5S5,5: 112-21N5S5,6,8133.3,303.26,0.2294
2016-4-25_1_20150525-gel1-1_Dat,20150525-gel1,N,N5,21N5S5,5: 112-21N5S5,7,5377.8,203.28,0.2093
2016-4-25_1_20150525-gel1-1_Dat,20150525-gel1,N,N5,21N5S5,5: 112-21N5S5,8,97000,383.09,0.037
2016-4-25_1_20150525-gel1-1_Dat,20150525-gel1,P,P2,21P2S2,6: 114-21P2S2,1,65125,590.32,0.0726
2016-4-25_1_20150525-gel1-1_Dat,20150525-gel1,P,P2,21P2S2,6: 114-21P2S2,2,41527.8,1866.87,0.2843
2016-4-25_1_20150525-gel1-1_Dat,20150525-gel1,P,P2,21P2S2,6: 114-21P2S2,3,35883.6,658.35,0.0821
2016-4-25_1_20150525-gel1-1_Dat,20150525-gel1,P,P2,21P2S2,6: 114-21P2S2,4,31597.5,361.22,0.0183
2016-4-25_1_20150525-gel1-1_Dat,20150525-gel1,P,P2,21P2S2,6: 114-21P2S2,5,26720.1,566.64,0.054
2016-4-25_1_20150525-gel1-1_Dat,20150525-gel1,P,P2,21P2S2,6: 114-21P2S2,6,20512.6,977.61,0.1186
2016-4-25_1_20150525-gel1-1_Dat,20150525-gel1,P,P2,21P2S2,6: 114-21P2S2,7,15244.4,762.35,0.0543
2016-4-25_1_20150525-gel1-1_Dat,20150525-gel1,P,P2,21P2S2,6: 114-21P2S2,8,14000,428.99,0.0163
2016-4-25_1_20150525-gel1-1_Dat,20150525-gel1,P,P2,21P2S2,6: 114-21P2S2,9,9733.3,1340.91,0.0597
2016-4-25_1_20150525-gel1-1_Dat,20150525-gel1,P,P2,21P2S2,6: 114-21P2S2,10,8933.3,1162.93,0.0314
2016-4-25_1_20150525-gel1-1_Dat,20150525-gel1,P,P2,21P2S2,6: 114-21P2S2,11,8133.3,1526.02,0.13
2016-4-25_1_20150525-gel1-1_Dat,20150525-gel1,P,P2,21P2S2,6: 114-21P2S2,12,5200,368.26,0.0415
2016-4-25_1_20150525-gel1-1_Dat,20150525-gel1,P,P2,21P2S2,6: 114-21P2S2,13,83250,511.24,0.1285
2016-4-25_1_20150525-gel1-1_Dat,20150525-gel1,P,P3,21P3S2,7: 121-21P3S2,1,78875,598.34,0.0907
2016-4-25_1_20150525-gel1-1_Dat,20150525-gel1,P,P3,21P3S2,7: 121-21P3S2,2,73250,526.92,0.0558
2016-4-25_1_20150525-gel1-1_Dat,20150525-gel1,P,P3,21P3S2,7: 121-21P3S2,3,67625,326.8,0.0688
2016-4-25_1_20150525-gel1-1_Dat,20150525-gel1,P,P3,21P3S2,7: 121-21P3S2,4,60125,77.95,0.0123
2016-4-25_1_20150525-gel1-1_Dat,20150525-gel1,P,P3,21P3S2,7: 121-21P3S2,5,37361.6,92.77,0.0141
2016-4-25_1_20150525-gel1-1_Dat,20150525-gel1,P,P3,21P3S2,7: 121-21P3S2,6,34701.3,270.23,0.0391
2016-4-25_1_20150525-gel1-1_Dat,20150525-gel1,P,P3,21P3S2,7: 121-21P3S2,7,31006.3,425.04,0.0684
2016-4-25_1_20150525-gel1-1_Dat,20150525-gel1,P,P3,21P3S2,7: 121-21P3S2,8,24798.7,173.7,0.0221
2016-4-25_1_20150525-gel1-1_Dat,20150525-gel1,P,P3,21P3S2,7: 121-21P3S2,9,21990.6,560.08,0.1224
2016-4-25_1_20150525-gel1-1_Dat,20150525-gel1,P,P3,21P3S2,7: 121-21P3S2,10,17111.1,627.66,0.1035
2016-4-25_1_20150525-gel1-1_Dat,20150525-gel1,P,P3,21P3S2,7: 121-21P3S2,11,9555.6,529.54,0.099
2016-4-25_1_20150525-gel1-1_Dat,20150525-gel1,P,P3,21P3S2,7: 121-21P3S2,12,8577.8,691.39,0.1756
2016-4-25_1_20150525-gel1-1_Dat,20150525-gel1,P,P3,21P3S2,7: 121-21P3S2,13,96375,374.14,0.1432
2016-4-25_1_20150525-gel1-1_Dat,20150525-gel1,P,P4,21P4S3,8: 117-21P4S3,1,65125,351.9,0.1175
2016-4-25_1_20150525-gel1-1_Dat,20150525-gel1,P,P4,21P4S3,8: 117-21P4S3,2,41888.9,492.94,0.0782
2016-4-25_1_20150525-gel1-1_Dat,20150525-gel1,P,P4,21P4S3,8: 117-21P4S3,3,41527.8,342.08,0.0511
2016-4-25_1_20150525-gel1-1_Dat,20150525-gel1,P,P4,21P4S3,8: 117-21P4S3,4,34701.3,54.99,0.0082
2016-4-25_1_20150525-gel1-1_Dat,20150525-gel1,P,P4,21P4S3,8: 117-21P4S3,5,30858.5,80.79,0.0156
2016-4-25_1_20150525-gel1-1_Dat,20150525-gel1,P,P4,21P4S3,8: 117-21P4S3,6,21842.8,263.67,0.0591
2016-4-25_1_20150525-gel1-1_Dat,20150525-gel1,P,P4,21P4S3,8: 117-21P4S3,7,16755.6,220.05,0.0908
2016-4-25_1_20150525-gel1-1_Dat,20150525-gel1,P,P4,21P4S3,8: 117-21P4S3,8,9644.4,530.66,0.1048
2016-4-25_1_20150525-gel1-1_Dat,20150525-gel1,P,P4,21P4S3,8: 117-21P4S3,9,8577.8,865.39,0.2839
2016-4-25_1_20150525-gel1-1_Dat,20150525-gel1,P,P4,21P4S3,8: 117-21P4S3,10,5022.2,156.3,0.0477
2016-4-25_1_20150525-gel1-1_Dat,20150525-gel1,P,P4,21P4S3,8: 117-21P4S3,11,70125,552.42,0.1373
2016-4-25_1_20150525-gel1-1_Dat,20150525-gel1,P,P4,21P4S5,9: 118-21P4S5,1,65125,525.56,0.0859
2016-4-25_1_20150525-gel1-1_Dat,20150525-gel1,P,P4,21P4S5,9: 118-21P4S5,2,59500,378.88,0.0708
2016-4-25_1_20150525-gel1-1_Dat,20150525-gel1,P,P4,21P4S5,9: 118-21P4S5,3,51375,227.87,0.0401
2016-4-25_1_20150525-gel1-1_Dat,20150525-gel1,P,P4,21P4S5,9: 118-21P4S5,4,42000,519.97,0.0952
2016-4-25_1_20150525-gel1-1_Dat,20150525-gel1,P,P4,21P4S5,9: 118-21P4S5,5,41555.6,286.19,0.0482
2016-4-25_1_20150525-gel1-1_Dat,20150525-gel1,P,P4,21P4S5,9: 118-21P4S5,6,31449.7,57.2,0.0088
2016-4-25_1_20150525-gel1-1_Dat,20150525-gel1,P,P4,21P4S5,9: 118-21P4S5,7,21990.6,423.88,0.1289
2016-4-25_1_20150525-gel1-1_Dat,20150525-gel1,P,P4,21P4S5,9: 118-21P4S5,8,17466.7,308.93,0.0459
2016-4-25_1_20150525-gel1-1_Dat,20150525-gel1,P,P4,21P4S5,9: 118-21P4S5,9,16400,295.09,0.051
2016-4-25_1_20150525-gel1-1_Dat,20150525-gel1,P,P4,21P4S5,9: 118-21P4S5,10,9644.4,480.29,0.0888
2016-4-25_1_20150525-gel1-1_Dat,20150525-gel1,P,P4,21P4S5,9: 118-21P4S5,11,8666.7,667.94,0.1698
2016-4-25_1_20150525-gel1-1_Dat,20150525-gel1,P,P4,21P4S5,9: 118-21P4S5,12,4933.3,98.65,0.0294
2016-4-25_1_20150525-gel1-1_Dat,20150525-gel1,P,P4,21P4S5,9: 118-21P4S5,13,82000,1472,0.1219
2016-4-25_1_20150525-gel1-1_Dat,20150525-gel1,P,P5,21P5S1,10: 119-21P5S1,1,77625,1754.77,0.0877
2016-4-25_1_20150525-gel1-1_Dat,20150525-gel1,P,P5,21P5S1,10: 119-21P5S1,2,72625,2038.51,0.0737
2016-4-25_1_20150525-gel1-1_Dat,20150525-gel1,P,P5,21P5S1,10: 119-21P5S1,3,66375,2133.77,0.0853
2016-4-25_1_20150525-gel1-1_Dat,20150525-gel1,P,P5,21P5S1,10: 119-21P5S1,4,59500,1711.81,0.0617
2016-4-25_1_20150525-gel1-1_Dat,20150525-gel1,P,P5,21P5S1,10: 119-21P5S1,5,52625,1151.55,0.042
2016-4-25_1_20150525-gel1-1_Dat,20150525-gel1,P,P5,21P5S1,10: 119-21P5S1,6,41805.6,736.57,0.0705
2016-4-25_1_20150525-gel1-1_Dat,20150525-gel1,P,P5,21P5S1,10: 119-21P5S1,7,37213.8,731.34,0.051
2016-4-25_1_20150525-gel1-1_Dat,20150525-gel1,P,P5,21P5S1,10: 119-21P5S1,8,34110.1,552.48,0.0273
2016-4-25_1_20150525-gel1-1_Dat,20150525-gel1,P,P5,21P5S1,10: 119-21P5S1,9,24355.3,477.57,0.0223
2016-4-25_1_20150525-gel1-1_Dat,20150525-gel1,P,P5,21P5S1,10: 119-21P5S1,10,21695,751.22,0.0649
2016-4-25_1_20150525-gel1-1_Dat,20150525-gel1,P,P5,21P5S1,10: 119-21P5S1,11,17644.4,240.78,0.0102
2016-4-25_1_20150525-gel1-1_Dat,20150525-gel1,P,P5,21P5S1,10: 119-21P5S1,12,15866.7,348.29,0.0161
2016-4-25_1_20150525-gel1-1_Dat,20150525-gel1,P,P5,21P5S1,10: 119-21P5S1,13,14444.4,116.26,0.003
2016-4-25_1_20150525-gel1-1_Dat,20150525-gel1,P,P5,21P5S1,10: 119-21P5S1,14,11777.8,103.17,0.0035
2016-4-25_1_20150525-gel1-1_Dat,20150525-gel1,P,P5,21P5S1,10: 119-21P5S1,15,9822.2,1020.78,0.0482
2016-4-25_1_20150525-gel1-1_Dat,20150525-gel1,P,P5,21P5S1,10: 119-21P5S1,16,8488.9,1419.4,0.1304
2016-4-25_1_20150525-gel1-1_Dat,20150525-gel1,P,P5,21P5S1,10: 119-21P5S1,17,5555.6,1011.65,0.0801
2016-4-25_1_20150525-gel1-1_Dat,20150525-gel1,P,P5,21P5S1,10: 119-21P5S1,18,43250,363.6,0.1923
2016-4-25_1_20150525-gel1-1_Dat,20150525-gel1,P,P5,21P5S3,11: 120-21P5S3,1,41750,300.26,0.162
2016-4-25_1_20150525-gel1-1_Dat,20150525-gel1,P,P5,21P5S3,11: 120-21P5S3,2,36031.4,54.95,0.025
2016-4-25_1_20150525-gel1-1_Dat,20150525-gel1,P,P5,21P5S3,11: 120-21P5S3,3,32632.1,67.06,0.0273
2016-4-25_1_20150525-gel1-1_Dat,20150525-gel1,P,P5,21P5S3,11: 120-21P5S3,4,23320.8,284.33,0.1797
2016-4-25_1_20150525-gel1-1_Dat,20150525-gel1,P,P5,21P5S3,11: 120-21P5S3,5,18147.8,317.82,0.1875
2016-4-25_1_20150525-gel1-1_Dat,20150525-gel1,P,P5,21P5S3,11: 120-21P5S3,6,10000,391.54,0.162
2016-4-25_1_20150525-gel1-1_Dat,20150525-gel1,P,P5,21P5S3,11: 120-21P5S3,7,4666.7,110.38,0.0643
2016-4-25_1_20150525-gel1-1_Dat,20150525-gel1,P,P5,21P5S3,11: 120-21P5S3,8,28914.1,104.76,0.4349
2016-4-25_1_New Project8_Data,New Project8_,N,N1,19N1S4,2: 42-19N1S4,1,27625,29.55,0.0871
2016-4-25_1_New Project8_Data,New Project8_,N,N1,19N1S4,2: 42-19N1S4,2,19289.1,9.92,0.0294
2016-4-25_1_New Project8_Data,New Project8_,N,N1,19N1S4,2: 42-19N1S4,3,17755.1,38.04,0.1915
2016-4-25_1_New Project8_Data,New Project8_,N,N1,19N1S4,2: 42-19N1S4,4,13183.7,33.08,0.257
2016-4-25_1_New Project8_Data,New Project8_,N,N1,19N1S4,2: 42-19N1S4,5,45042.3,1332.86,0.47
2016-4-25_1_New Project8_Data,New Project8_,N,N5,19N5S2,3: 43-19N5S2,1,41866.7,1518.89,0.53
2016-4-25_1_New Project8_Data,New Project8_,N,N5,19N5S2,3: 43-19N5S2,,,,
2016-4-25_1_New Project8_Data,New Project8_,P,P5,19P5S3,4: 44-19P5S3,1,52140.8,145.45,0.0513
2016-4-25_1_New Project8_Data,New Project8_,P,P5,19P5S3,4: 44-19P5S3,2,47408.5,669.45,0.276
2016-4-25_1_New Project8_Data,New Project8_,P,P5,19P5S3,4: 44-19P5S3,3,43352.1,651.73,0.3591
2016-4-25_1_New Project8_Data,New Project8_,P,P5,19P5S3,4: 44-19P5S3,4,30470.6,85.97,0.0434
2016-4-25_1_New Project8_Data,New Project8_,P,P5,19P5S3,4: 44-19P5S3,5,28570.3,53.56,0.0256
2016-4-25_1_New Project8_Data,New Project8_,P,P5,19P5S3,4: 44-19P5S3,6,26679.7,24.72,0.0163
2016-4-25_1_New Project8_Data,New Project8_,P,P5,19P5S3,4: 44-19P5S3,7,24445.3,103.9,0.0689
2016-4-25_1_New Project8_Data,New Project8_,P,P5,19P5S3,4: 44-19P5S3,8,19976.6,154.27,0.1103
2016-4-25_1_New Project8_Data,New Project8_,P,P5,19P5S3,4: 44-19P5S3,9,14408.2,61.38,0.0491
2016-4-25_1_New Project8_Data,New Project8_,N,N3,19N3S4,5: 45-19N3S4,1,49774.6,550.65,0.1241
2016-4-25_1_New Project8_Data,New Project8_,N,N3,19N3S4,5: 45-19N3S4,2,45380.3,2082.17,0.2509
2016-4-25_1_New Project8_Data,New Project8_,N,N3,19N3S4,5: 45-19N3S4,3,41983.3,2311.16,0.3646
2016-4-25_1_New Project8_Data,New Project8_,N,N3,19N3S4,5: 45-19N3S4,4,29367.6,135.65,0.0573
2016-4-25_1_New Project8_Data,New Project8_,N,N3,19N3S4,5: 45-19N3S4,5,26078.1,304.42,0.0697
2016-4-25_1_New Project8_Data,New Project8_,N,N3,19N3S4,5: 45-19N3S4,6,24101.6,391.65,0.1072
2016-4-25_1_New Project8_Data,New Project8_,N,N3,19N3S4,5: 45-19N3S4,7,20234.4,176.86,0.0227
2016-4-25_1_New Project8_Data,New Project8_,N,N3,19N3S4,5: 45-19N3S4,8,13918.4,6.472,0.0035
2016-4-25_1_New Project8_Data,New Project8_,N,N1,19N1S2,6: 46-19N1S2,1,41883.3,216.24,0.0512
2016-4-25_1_New Project8_Data,New Project8_,N,N1,19N1S2,6: 46-19N1S2,2,41616.7,1297.71,0.266
2016-4-25_1_New Project8_Data,New Project8_,N,N1,19N1S2,6: 46-19N1S2,3,39845.6,1048.18,0.226
2016-4-25_1_New Project8_Data,New Project8_,N,N1,19N1S2,6: 46-19N1S2,4,31022.1,349.2,0.1042
2016-4-25_1_New Project8_Data,New Project8_,N,N1,19N1S2,6: 46-19N1S2,5,28570.3,93.76,0.0169
2016-4-25_1_New Project8_Data,New Project8_,N,N1,19N1S2,6: 46-19N1S2,6,26164.1,0,0
2016-4-25_1_New Project8_Data,New Project8_,N,N1,19N1S2,6: 46-19N1S2,7,23757.8,5.72,0
2016-4-25_1_New Project8_Data,New Project8_,N,N1,19N1S2,6: 46-19N1S2,8,20320.3,989.12,0.2637
2016-4-25_1_New Project8_Data,New Project8_,N,N1,19N1S2,6: 46-19N1S2,9,15551,101.08,0.0221
2016-4-25_1_New Project8_Data,New Project8_,N,N1,19N1S2,6: 46-19N1S2,10,14408.2,104.32,0.0356
2016-4-25_1_New Project8_Data,New Project8_,N,N1,19N1S2,6: 46-19N1S2,11,11959.2,25.12,0.0043
2016-4-25_1_New Project8_Data,New Project8_,N,N1,19N1S2,6: 46-19N1S2,12,9428.6,17.17,0.0012
2016-4-25_1_New Project8_Data,New Project8_,N,N1,19N1S2,6: 46-19N1S2,13,9020.4,49,0.0111
2016-4-25_1_New Project8_Data,New Project8_,P,P4,05P4S1,7: 47-05P4S1,1,30838.2,398.41,0.186
2016-4-25_1_New Project8_Data,New Project8_,P,P4,05P4S1,7: 47-05P4S1,2,28742.2,158.24,0.0715
2016-4-25_1_New Project8_Data,New Project8_,P,P4,05P4S1,7: 47-05P4S1,3,20234.4,676.49,0.3429
2016-4-25_1_New Project8_Data,New Project8_,P,P4,05P4S1,7: 47-05P4S1,4,14326.5,336.39,0.2512
2016-4-25_1_New Project8_Data,New Project8_,P,P4,05P4S1,7: 47-05P4S1,5,11469.4,224.34,0.1484
2016-4-25_1_New Project8_Data,New Project8_,P,P4,19P4S5,8: 48-19P4S5,1,47746.5,601.25,0.1331
2016-4-25_1_New Project8_Data,New Project8_,P,P4,19P4S5,8: 48-19P4S5,2,43014.1,416.44,0.071
2016-4-25_1_New Project8_Data,New Project8_,P,P4,19P4S5,8: 48-19P4S5,3,30470.6,489.06,0.1332
2016-4-25_1_New Project8_Data,New Project8_,P,P4,19P4S5,8: 48-19P4S5,4,28226.6,115.75,0.0316
2016-4-25_1_New Project8_Data,New Project8_,P,P4,19P4S5,8: 48-19P4S5,5,25562.5,33.36,0.0111
2016-4-25_1_New Project8_Data,New Project8_,P,P4,19P4S5,8: 48-19P4S5,6,23929.7,231.89,0.0482
2016-4-25_1_New Project8_Data,New Project8_,P,P4,19P4S5,8: 48-19P4S5,7,19890.6,1385.26,0.3639
2016-4-25_1_New Project8_Data,New Project8_,P,P4,19P4S5,8: 48-19P4S5,8,18687.5,397.18,0.083
2016-4-25_1_New Project8_Data,New Project8_,P,P4,19P4S5,8: 48-19P4S5,9,13673.5,232.47,0.1025
2016-4-25_1_New Project8_Data,New Project8_,P,P4,19P4S5,8: 48-19P4S5,10,11469.4,86.39,0.0223
2016-4-25_1_20160420-gel3_Data,20160420-gel3,P,P2,19P2S1,2: 57-19P2S1,1,87390,68.05,0.0178
2016-4-25_1_20160420-gel3_Data,20160420-gel3,P,P2,19P2S1,2: 57-19P2S1,2,84160,144.8,0.0469
2016-4-25_1_20160420-gel3_Data,20160420-gel3,P,P2,19P2S1,2: 57-19P2S1,3,82000,202.97,0.1114
2016-4-25_1_20160420-gel3_Data,20160420-gel3,P,P2,19P2S1,2: 57-19P2S1,4,78400,237.58,0.0746
2016-4-25_1_20160420-gel3_Data,20160420-gel3,P,P2,19P2S1,2: 57-19P2S1,5,76070,166.67,0.0545
2016-4-25_1_20160420-gel3_Data,20160420-gel3,P,P2,19P2S1,2: 57-19P2S1,6,73730,99.77,0.0313
2016-4-25_1_20160420-gel3_Data,20160420-gel3,P,P2,19P2S1,2: 57-19P2S1,7,71030,55.73,0.0179
2016-4-25_1_20160420-gel3_Data,20160420-gel3,P,P2,19P2S1,2: 57-19P2S1,8,68160,32.61,0.0101
2016-4-25_1_20160420-gel3_Data,20160420-gel3,P,P2,19P2S1,2: 57-19P2S1,9,63520,36.57,0.0128
2016-4-25_1_20160420-gel3_Data,20160420-gel3,P,P2,19P2S1,2: 57-19P2S1,10,48620,20.32,0.0064
2016-4-25_1_20160420-gel3_Data,20160420-gel3,P,P2,19P2S1,2: 57-19P2S1,11,41760,17.1,0.009
2016-4-25_1_20160420-gel3_Data,20160420-gel3,P,P2,19P2S1,2: 57-19P2S1,12,41500,28.38,0.0113
2016-4-25_1_20160420-gel3_Data,20160420-gel3,P,P2,19P2S1,2: 57-19P2S1,13,38800,164.85,0.1175
2016-4-25_1_20160420-gel3_Data,20160420-gel3,P,P2,19P2S1,2: 57-19P2S1,14,35110,116.59,0.0478
2016-4-25_1_20160420-gel3_Data,20160420-gel3,P,P2,19P2S1,2: 57-19P2S1,15,32760,240.6,0.1306
2016-4-25_1_20160420-gel3_Data,20160420-gel3,P,P2,19P2S1,2: 57-19P2S1,16,28370,460.8,0.2092
2016-4-25_1_20160420-gel3_Data,20160420-gel3,P,P2,19P2S1,2: 57-19P2S1,17,25860,214.26,0.0908
2016-4-25_1_20160420-gel3_Data,20160420-gel3,P,P2,19P2S4,4: 56-19P2S4,1,91710,45,0.0049
2016-4-25_1_20160420-gel3_Data,20160420-gel3,P,P2,19P2S4,4: 56-19P2S4,2,87930,193.83,0.0379
2016-4-25_1_20160420-gel3_Data,20160420-gel3,P,P2,19P2S4,4: 56-19P2S4,3,84880,389.93,0.0492
2016-4-25_1_20160420-gel3_Data,20160420-gel3,P,P2,19P2S4,4: 56-19P2S4,4,82900,529.93,0.0581
2016-4-25_1_20160420-gel3_Data,20160420-gel3,P,P2,19P2S4,4: 56-19P2S4,5,81280,605.57,0.0782
2016-4-25_1_20160420-gel3_Data,20160420-gel3,P,P2,19P2S4,4: 56-19P2S4,6,79120,569.76,0.0726
2016-4-25_1_20160420-gel3_Data,20160420-gel3,P,P2,19P2S4,4: 56-19P2S4,7,77150,456.76,0.0563
2016-4-25_1_20160420-gel3_Data,20160420-gel3,P,P2,19P2S4,4: 56-19P2S4,8,74630,302.31,0.0389
2016-4-25_1_20160420-gel3_Data,20160420-gel3,P,P2,19P2S4,4: 56-19P2S4,9,72110,187.86,0.0238
2016-4-25_1_20160420-gel3_Data,20160420-gel3,P,P2,19P2S4,4: 56-19P2S4,10,69420,124.6,0.0166
2016-4-25_1_20160420-gel3_Data,20160420-gel3,P,P2,19P2S4,4: 56-19P2S4,11,66360,74.69,0.0087
2016-4-25_1_20160420-gel3_Data,20160420-gel3,P,P2,19P2S4,4: 56-19P2S4,12,49450,87.7,0.0137
2016-4-25_1_20160420-gel3_Data,20160420-gel3,P,P2,19P2S4,4: 56-19P2S4,13,41950,111.62,0.0205
2016-4-25_1_20160420-gel3_Data,20160420-gel3,P,P2,19P2S4,4: 56-19P2S4,14,41760,111.54,0.0132
2016-4-25_1_20160420-gel3_Data,20160420-gel3,P,P2,19P2S4,4: 56-19P2S4,15,41540,191,0.0341
2016-4-25_1_20160420-gel3_Data,20160420-gel3,P,P2,19P2S4,4: 56-19P2S4,16,39160,500.11,0.116
2016-4-25_1_20160420-gel3_Data,20160420-gel3,P,P2,19P2S4,4: 56-19P2S4,17,35820,312.67,0.0692
2016-4-25_1_20160420-gel3_Data,20160420-gel3,P,P2,19P2S4,4: 56-19P2S4,18,34470,339.14,0.0494
2016-4-25_1_20160420-gel3_Data,20160420-gel3,P,P2,19P2S4,4: 56-19P2S4,19,33550,453.5,0.0858
2016-4-25_1_20160420-gel3_Data,20160420-gel3,P,P2,19P2S4,4: 56-19P2S4,20,29570,673.71,0.1436
2016-4-25_1_20160420-gel3_Data,20160420-gel3,P,P2,19P2S4,4: 56-19P2S4,21,27590,121.81,0.0093
2016-4-25_1_20160420-gel3_Data,20160420-gel3,P,P5,19P5S1,6: 55-19P5S1,1,86130,98.26,0.0162
2016-4-25_1_20160420-gel3_Data,20160420-gel3,P,P5,19P5S1,6: 55-19P5S1,2,82540,252.36,0.0478
2016-4-25_1_20160420-gel3_Data,20160420-gel3,P,P5,19P5S1,6: 55-19P5S1,3,80200,335.08,0.073
2016-4-25_1_20160420-gel3_Data,20160420-gel3,P,P5,19P5S1,6: 55-19P5S1,4,78040,339.74,0.08
2016-4-25_1_20160420-gel3_Data,20160420-gel3,P,P5,19P5S1,6: 55-19P5S1,5,75710,301.46,0.0641
2016-4-25_1_20160420-gel3_Data,20160420-gel3,P,P5,19P5S1,6: 55-19P5S1,6,73190,266.23,0.0576
2016-4-25_1_20160420-gel3_Data,20160420-gel3,P,P5,19P5S1,6: 55-19P5S1,7,70490,222.05,0.0529
2016-4-25_1_20160420-gel3_Data,20160420-gel3,P,P5,19P5S1,6: 55-19P5S1,8,67620,169.93,0.0367
2016-4-25_1_20160420-gel3_Data,20160420-gel3,P,P5,19P5S1,6: 55-19P5S1,9,59380,82.87,0.018
2016-4-25_1_20160420-gel3_Data,20160420-gel3,P,P5,19P5S1,6: 55-19P5S1,10,42000,52.03,0.011
2016-4-25_1_20160420-gel3_Data,20160420-gel3,P,P5,19P5S1,6: 55-19P5S1,11,41840,65.3,0.0174
2016-4-25_1_20160420-gel3_Data,20160420-gel3,P,P5,19P5S1,6: 55-19P5S1,12,41610,84.06,0.018
2016-4-25_1_20160420-gel3_Data,20160420-gel3,P,P5,19P5S1,6: 55-19P5S1,13,40010,308.04,0.0985
2016-4-25_1_20160420-gel3_Data,20160420-gel3,P,P5,19P5S1,6: 55-19P5S1,14,38300,100.37,0.0169
2016-4-25_1_20160420-gel3_Data,20160420-gel3,P,P5,19P5S1,6: 55-19P5S1,15,36320,193.91,0.0535
2016-4-25_1_20160420-gel3_Data,20160420-gel3,P,P5,19P5S1,6: 55-19P5S1,16,34890,253.01,0.0656
2016-4-25_1_20160420-gel3_Data,20160420-gel3,P,P5,19P5S1,6: 55-19P5S1,17,34040,333.67,0.0937
2016-4-25_1_20160420-gel3_Data,20160420-gel3,P,P5,19P5S1,6: 55-19P5S1,18,30070,590.76,0.1686
2016-4-25_1_20160420-gel3_Data,20160420-gel3,P,P5,19P5S5,8: 37-19P5S5,1,28530,85.75,0.0104
2016-4-25_1_20160420-gel3_Data,20160420-gel3,P,P5,19P5S5,8: 37-19P5S5,2,83260,99.67,0.0644
2016-4-25_1_20160420-gel3_Data,20160420-gel3,P,P5,19P5S5,8: 37-19P5S5,3,81100,139.47,0.1085
2016-4-25_1_20160420-gel3_Data,20160420-gel3,P,P5,19P5S5,8: 37-19P5S5,4,78760,140.33,0.0999
2016-4-25_1_20160420-gel3_Data,20160420-gel3,P,P5,19P5S5,8: 37-19P5S5,5,76430,111.2,0.0889
2016-4-25_1_20160420-gel3_Data,20160420-gel3,P,P5,19P5S5,8: 37-19P5S5,6,73730,85.2,0.0694
2016-4-25_1_20160420-gel3_Data,20160420-gel3,P,P5,19P5S5,8: 37-19P5S5,7,71030,63.2,0.0428
2016-4-25_1_20160420-gel3_Data,20160420-gel3,P,P5,19P5S5,8: 37-19P5S5,8,68160,41.27,0.0285
2016-4-25_1_20160420-gel3_Data,20160420-gel3,P,P5,19P5S5,8: 37-19P5S5,9,60210,13.53,0.0083
2016-4-25_1_20160420-gel3_Data,20160420-gel3,P,P5,19P5S5,8: 37-19P5S5,10,40290,49.65,0.0368
2016-4-25_1_20160420-gel3_Data,20160420-gel3,P,P5,19P5S5,8: 37-19P5S5,11,38380,21.91,0.0148
2016-4-25_1_20160420-gel3_Data,20160420-gel3,P,P5,19P5S5,8: 37-19P5S5,12,36320,59.26,0.0432
2016-4-25_1_20160420-gel3_Data,20160420-gel3,P,P5,19P5S5,8: 37-19P5S5,13,33970,161.79,0.1541
2016-4-25_1_20160420-gel3_Data,20160420-gel3,P,P5,19P5S5,8: 37-19P5S5,14,29990,300.4,0.2404
2016-4-25_1_20160420-gel3_Data,20160420-gel3,P,P2,01P2S2,9: 49-01P2S2,1,71390,121.33,0.0374
2016-4-25_1_20160420-gel3_Data,20160420-gel3,P,P2,01P2S2,9: 49-01P2S2,2,68160,271.26,0.0734
2016-4-25_1_20160420-gel3_Data,20160420-gel3,P,P2,01P2S2,9: 49-01P2S2,3,61030,225.19,0.0647
2016-4-25_1_20160420-gel3_Data,20160420-gel3,P,P2,01P2S2,9: 49-01P2S2,4,41820,136.66,0.0457
2016-4-25_1_20160420-gel3_Data,20160420-gel3,P,P2,01P2S2,9: 49-01P2S2,5,41600,81.25,0.0237
2016-4-25_1_20160420-gel3_Data,20160420-gel3,P,P2,01P2S2,9: 49-01P2S2,6,39440,666.47,0.3313
2016-4-25_1_20160420-gel3_Data,20160420-gel3,P,P2,01P2S2,9: 49-01P2S2,7,36170,157.84,0.0452
2016-4-25_1_20160420-gel3_Data,20160420-gel3,P,P2,01P2S2,9: 49-01P2S2,8,33830,201.53,0.0849
2016-4-25_1_20160420-gel3_Data,20160420-gel3,P,P2,01P2S2,9: 49-01P2S2,9,29500,707.68,0.275
2016-4-25_1_20160420-gel3_Data,20160420-gel3,P,P2,01P2S2,9: 49-01P2S2,10,27430,164.55,0.0153
2016-4-25_1_20160420-gel3_Data,20160420-gel3,P,P2,01P2S2,9: 49-01P2S2,11,19730,24.07,0.0035
,,N,N3,01N3S2,3: 58-01N3S2,1,67280,129.44,0.0202
,,N,N3,01N3S2,3: 58-01N3S2,2,46465.1,360.95,0.0345
,,N,N3,01N3S2,3: 58-01N3S2,3,41980.8,871.98,0.0616
,,N,N3,01N3S2,3: 58-01N3S2,4,41673.1,591.96,0.0371
,,N,N3,01N3S2,3: 58-01N3S2,5,37333.3,308.28,0.0286
,,N,N3,01N3S2,3: 58-01N3S2,6,32879.3,296.16,0.0144
,,N,N3,01N3S2,3: 58-01N3S2,7,28446,1828.24,0.1474
,,N,N3,01N3S2,3: 58-01N3S2,8,27179.9,1915.21,0.1321
,,N,N3,01N3S2,3: 58-01N3S2,9,24251.8,340.47,0.0334
,,N,N3,01N3S2,3: 58-01N3S2,10,21798.6,522.36,0.0566
,,N,N3,01N3S2,3: 58-01N3S2,11,17525.2,3231.65,0.2522
,,N,N3,01N3S2,3: 58-01N3S2,12,16021.6,2159.81,0.1819
,,N,N3,01N3S4,5: 39-01N3S4,1,43116.3,106.36,0.0384
,,N,N3,01N3S4,5: 39-01N3S4,2,41769.2,102.2,0.0413
,,N,N3,01N3S4,5: 39-01N3S4,3,40350.6,34.48,0.0102
,,N,N3,01N3S4,5: 39-01N3S4,4,28841.7,296.17,0.1332
,,N,N3,01N3S4,5: 39-01N3S4,5,18158.3,1689.38,0.777
,,P,P2,01P2S1,7: 40-01P2S1,1,47860.5,98.97,0.0142
,,P,P2,01P2S1,7: 40-01P2S1,2,43674.4,279.34,0.0619
,,P,P2,01P2S1,7: 40-01P2S1,3,41826.9,149.72,0.0306
,,P,P2,01P2S1,7: 40-01P2S1,4,40637.9,28.36,0.0038
,,P,P2,01P2S1,7: 40-01P2S1,5,33597.7,36.56,0.0066
,,P,P2,01P2S1,7: 40-01P2S1,6,28841.7,534.52,0.1679
,,P,P2,01P2S1,7: 40-01P2S1,7,24726.6,72.63,0.016
,,P,P2,01P2S1,7: 40-01P2S1,8,22273.4,177.07,0.0462
,,P,P2,01P2S1,7: 40-01P2S1,9,18079.1,2226.36,0.6528
,,P,P4,01P4S4,9: 52-01P4S4,1,46465.1,29.48,0.0035
,,P,P4,01P4S4,9: 52-01P4S4,2,43395.3,117.85,0.0129
,,P,P4,01P4S4,9: 52-01P4S4,3,41788.5,132.56,0.0143
,,P,P4,01P4S4,9: 52-01P4S4,4,28366.9,998.57,0.2795
,,P,P4,01P4S4,9: 52-01P4S4,5,24410.1,99.62,0.0149
,,P,P4,01P4S4,9: 52-01P4S4,6,21798.6,122.91,0.0184
,,P,P4,01P4S4,9: 52-01P4S4,7,17525.2,2889.85,0.4495
,,P,P4,01P4S4,9: 52-01P4S4,8,16179.9,1418.6,0.207
