gel.id,gellane.id,strain,strain.id,trt,lim,cID,tm.pt,Band,MW,intensity,rel.int,
20150114-gel1,20150114-gel1-04,7803-A,101-7803-A,A,A,NA,0,1,46.31,41686.45,0.0351,oant
20150114-gel1,20150114-gel1-04,7803-A,101-7803-A,A,A,NA,0,2,37.4,28053.21,0.0236,oant
20150114-gel1,20150114-gel1-04,7803-A,101-7803-A,A,A,NA,0,3,35.34,61126.64,0.0515,oant
20150114-gel1,20150114-gel1-04,7803-A,101-7803-A,A,A,NA,0,4,26.27,147135.69,0.1239,oant
20150114-gel1,20150114-gel1-04,7803-A,101-7803-A,A,A,NA,0,5,25.53,34287.39,0.0289,oant
20150114-gel1,20150114-gel1-04,7803-A,101-7803-A,A,A,NA,0,6,24.64,107142.02,0.0902,oant
20150114-gel1,20150114-gel1-04,7803-A,101-7803-A,A,A,NA,0,7,16.77,299675.39,0.2523,lpdaC
20150114-gel1,20150114-gel1-04,7803-A,101-7803-A,A,A,NA,0,8,15.81,319499.77,0.269,lpda
20150114-gel1,20150114-gel1-04,7803-A,101-7803-A,A,A,NA,0,9,8.065,94086.35,0.0792,lpda
20150114-gel1,20150114-gel1-04,7803-A,101-7803-A,A,A,NA,0,10,7.161,54985.32,0.0463,lpda
20150114-gel1,20150114-gel1-05,01N3S3,102-01N3S3,C,N,N3,1,1,44.46,18997.33,0.0225,oant
20150114-gel1,20150114-gel1-05,01N3S3,102-01N3S3,C,N,N3,1,2,36.93,16883.15,0.02,oant
20150114-gel1,20150114-gel1-05,01N3S3,102-01N3S3,C,N,N3,1,3,34.87,42539.13,0.0504,oant
20150114-gel1,20150114-gel1-05,01N3S3,102-01N3S3,C,N,N3,1,4,26.12,108821.36,0.129,oant
20150114-gel1,20150114-gel1-05,01N3S3,102-01N3S3,C,N,N3,1,5,25.53,69983.64,0.083,oant
20150114-gel1,20150114-gel1-05,01N3S3,102-01N3S3,C,N,N3,1,6,24.72,49636.52,0.0588,oant
20150114-gel1,20150114-gel1-05,01N3S3,102-01N3S3,C,N,N3,1,7,16.71,195046.83,0.2312,lpdaC
20150114-gel1,20150114-gel1-05,01N3S3,102-01N3S3,C,N,N3,1,8,15.74,218708.83,0.2592,lpda
20150114-gel1,20150114-gel1-05,01N3S3,102-01N3S3,C,N,N3,1,9,11.1,20848.37,0.0247,lpda
20150114-gel1,20150114-gel1-05,01N3S3,102-01N3S3,C,N,N3,1,10,8.065,58725.93,0.0696,lpda
20150114-gel1,20150114-gel1-05,01N3S3,102-01N3S3,C,N,N3,1,11,7.226,43481.79,0.0515,lpda
20150114-gel1,20150114-gel1-06,01P5S1,103-01P5S1,C,P,P5,1,1,25.97,30111,0.1361,oant
20150114-gel1,20150114-gel1-06,01P5S1,103-01P5S1,C,P,P5,1,2,16.84,80341.9,0.363,lpdaC
20150114-gel1,20150114-gel1-06,01P5S1,103-01P5S1,C,P,P5,1,3,15.81,48403.74,0.2187,lpda
20150114-gel1,20150114-gel1-06,01P5S1,103-01P5S1,C,P,P5,1,4,11.23,22434.23,0.1014,lpda
20150114-gel1,20150114-gel1-06,01P5S1,103-01P5S1,C,P,P5,1,5,8,25639.06,0.1158,lpda
20150114-gel1,20150114-gel1-06,01P5S1,103-01P5S1,C,P,P5,1,6,7.226,14391.94,0.065,lpda
20150114-gel1,20150114-gel1-07,21N2S1,104-21N2S1,T,N,N2,21,1,61.08,NA,NA,oant
20150114-gel1,20150114-gel1-07,21N2S1,104-21N2S1,T,N,N2,21,2,37.72,272113.61,0.3751,oant
20150114-gel1,20150114-gel1-07,21N2S1,104-21N2S1,T,N,N2,21,3,35.18,301256.66,0.4153,oant
20150114-gel1,20150114-gel1-07,21N2S1,104-21N2S1,T,N,N2,21,4,23.83,10701,0.0148,oant
20150114-gel1,20150114-gel1-07,21N2S1,104-21N2S1,T,N,N2,21,5,19.62,19336.89,0.0267,oant
20150114-gel1,20150114-gel1-07,21N2S1,104-21N2S1,T,N,N2,21,6,15.35,41063.81,0.0566,lpdaC
20150114-gel1,20150114-gel1-07,21N2S1,104-21N2S1,T,N,N2,21,7,8.129,61781.75,0.0852,lpda
20150114-gel1,20150114-gel1-07,21N2S1,104-21N2S1,T,N,N2,21,8,7.29,49887.69,0.0688,lpda
20150114-gel1,20150114-gel1-08,21N2S3,105-21N2S3,T,N,N2,21,1,54.31,13221.55,0.0291,oant
20150114-gel1,20150114-gel1-08,21N2S3,105-21N2S3,T,N,N2,21,2,50,7038.35,0.0155,oant
20150114-gel1,20150114-gel1-08,21N2S3,105-21N2S3,T,N,N2,21,3,39.62,8104.4,0.0178,oant
20150114-gel1,20150114-gel1-08,21N2S3,105-21N2S3,T,N,N2,21,4,37.72,37036,0.0815,oant
20150114-gel1,20150114-gel1-08,21N2S3,105-21N2S3,T,N,N2,21,5,35.82,37234.99,0.0819,oant
20150114-gel1,20150114-gel1-08,21N2S3,105-21N2S3,T,N,N2,21,6,28.34,28332.29,0.0623,oant
20150114-gel1,20150114-gel1-08,21N2S3,105-21N2S3,T,N,N2,21,7,26.27,38836.34,0.0854,oant
20150114-gel1,20150114-gel1-08,21N2S3,105-21N2S3,T,N,N2,21,8,22.21,9283.21,0.0204,oant
20150114-gel1,20150114-gel1-08,21N2S3,105-21N2S3,T,N,N2,21,9,20.07,78965.65,0.1737,oant
20150114-gel1,20150114-gel1-08,21N2S3,105-21N2S3,T,N,N2,21,10,17.03,114538,0.2519,lpdaC
20150114-gel1,20150114-gel1-08,21N2S3,105-21N2S3,T,N,N2,21,11,15.81,31330.5,0.0689,lpda
20150114-gel1,20150114-gel1-08,21N2S3,105-21N2S3,T,N,N2,21,12,8.129,34279.5,0.0754,lpda
20150114-gel1,20150114-gel1-08,21N2S3,105-21N2S3,T,N,N2,21,13,7.226,16409,0.0361,lpda
20150114-gel1,20150114-gel1-09,21N2S5,106-21N2S5,T,N,N2,21,1,60.46,NA,NA,oant
20150114-gel1,20150114-gel1-09,21N2S5,106-21N2S5,T,N,N2,21,2,48.15,3282.95,0.0033,oant
20150114-gel1,20150114-gel1-09,21N2S5,106-21N2S5,T,N,N2,21,3,40.41,26359.24,0.0263,oant
20150114-gel1,20150114-gel1-09,21N2S5,106-21N2S5,T,N,N2,21,4,38.51,139616.88,0.1392,oant
20150114-gel1,20150114-gel1-09,21N2S5,106-21N2S5,T,N,N2,21,5,36.45,124184.27,0.1238,oant
20150114-gel1,20150114-gel1-09,21N2S5,106-21N2S5,T,N,N2,21,6,28.78,15692.82,0.0156,oant
20150114-gel1,20150114-gel1-09,21N2S5,106-21N2S5,T,N,N2,21,7,26.71,33090.36,0.033,oant
20150114-gel1,20150114-gel1-09,21N2S5,106-21N2S5,T,N,N2,21,8,22.72,35158,0.0351,oant
20150114-gel1,20150114-gel1-09,21N2S5,106-21N2S5,T,N,N2,21,9,20.66,229278,0.2286,oant
20150114-gel1,20150114-gel1-09,21N2S5,106-21N2S5,T,N,N2,21,10,17.42,260206,0.2595,lpdaC
20150114-gel1,20150114-gel1-09,21N2S5,106-21N2S5,T,N,N2,21,11,16.39,64669,0.0645,lpda
20150114-gel1,20150114-gel1-09,21N2S5,106-21N2S5,T,N,N2,21,12,8.129,50135.34,0.05,lpda
20150114-gel1,20150114-gel1-09,21N2S5,106-21N2S5,T,N,N2,21,13,7.29,23917.36,0.0238,lpda
20150114-gel1,20150114-gel1-10,21N3S2,107-21N3S2,T,N,N3,21,1,65.38,158308,0.0928,oant
20150114-gel1,20150114-gel1-10,21N3S2,107-21N3S2,T,N,N3,21,2,41.68,60604.99,0.0355,oant
20150114-gel1,20150114-gel1-10,21N3S2,107-21N3S2,T,N,N3,21,3,39.46,313495,0.1838,oant
20150114-gel1,20150114-gel1-10,21N3S2,107-21N3S2,T,N,N3,21,4,37.56,356405.99,0.209,oant
20150114-gel1,20150114-gel1-10,21N3S2,107-21N3S2,T,N,N3,21,5,33.6,53991,0.0317,oant
20150114-gel1,20150114-gel1-10,21N3S2,107-21N3S2,T,N,N3,21,6,28.93,9390.01,0.0055,oant
20150114-gel1,20150114-gel1-10,21N3S2,107-21N3S2,T,N,N3,21,7,25.09,23054,0.0135,oant
20150114-gel1,20150114-gel1-10,21N3S2,107-21N3S2,T,N,N3,21,8,23.46,80149.21,0.047,oant
20150114-gel1,20150114-gel1-10,21N3S2,107-21N3S2,T,N,N3,21,9,21.4,265591,0.1557,oant
20150114-gel1,20150114-gel1-10,21N3S2,107-21N3S2,T,N,N3,21,10,19.77,132359.8,0.0776,oant
20150114-gel1,20150114-gel1-10,21N3S2,107-21N3S2,T,N,N3,21,11,18.3,22728.8,0.0133,lpdaC
20150114-gel1,20150114-gel1-10,21N3S2,107-21N3S2,T,N,N3,21,12,8.194,180704.66,0.1059,lpda
20150114-gel1,20150114-gel1-10,21N3S2,107-21N3S2,T,N,N3,21,13,7.355,48812.89,0.0286,lpda
20150114-gel1,20150114-gel1-11,21N3S3,108-21N3S3,T,N,N3,21,1,69.08,76902,0.1377,oant
20150114-gel1,20150114-gel1-11,21N3S3,108-21N3S3,T,N,N3,21,2,41.52,70902.68,0.1269,oant
20150114-gel1,20150114-gel1-11,21N3S3,108-21N3S3,T,N,N3,21,3,39.62,133706.13,0.2394,oant
20150114-gel1,20150114-gel1-11,21N3S3,108-21N3S3,T,N,N3,21,4,31.38,NA,NA,oant
20150114-gel1,20150114-gel1-11,21N3S3,108-21N3S3,T,N,N3,21,5,28.34,NA,NA,oant
20150114-gel1,20150114-gel1-11,21N3S3,108-21N3S3,T,N,N3,21,6,22.58,157455.25,0.2819,oant
20150114-gel1,20150114-gel1-11,21N3S3,108-21N3S3,T,N,N3,21,7,19.33,45997.29,0.0823,oant
20150114-gel1,20150114-gel1-11,21N3S3,108-21N3S3,T,N,N3,21,8,17.94,21298.49,0.0381,lpdaC
20150114-gel1,20150114-gel1-11,21N3S3,108-21N3S3,T,N,N3,21,9,8.516,67414.11,0.1207,lpda
20150525-gel1,20150525-gel1-03,7803-A,101-7803-A,A,A,NA,0,1,61.38,44.05,0.0078,oant
20150525-gel1,20150525-gel1-03,7803-A,101-7803-A,A,A,NA,0,2,45.75,31,0.0019,oant
20150525-gel1,20150525-gel1-03,7803-A,101-7803-A,A,A,NA,0,3,40.7,90.58,0.0106,oant
20150525-gel1,20150525-gel1-03,7803-A,101-7803-A,A,A,NA,0,4,38.1,32.55,0.0041,oant
20150525-gel1,20150525-gel1-03,7803-A,101-7803-A,A,A,NA,0,5,26.12,546.47,0.1615,oant
20150525-gel1,20150525-gel1-03,7803-A,101-7803-A,A,A,NA,0,6,16.76,451.03,0.086,lpdaC
20150525-gel1,20150525-gel1-03,7803-A,101-7803-A,A,A,NA,0,7,15.6,321.44,0.0534,lpda
20150525-gel1,20150525-gel1-03,7803-A,101-7803-A,A,A,NA,0,8,7.867,736.74,0.2957,lpda
20150525-gel1,20150525-gel1-03,7803-A,101-7803-A,A,A,NA,0,9,5.289,716.62,0.379,lpda
20150525-gel1,20150525-gel1-04,01N3S3,102-01N3S3,C,N,N3,1,1,47,137.69,0.0221,oant
20150525-gel1,20150525-gel1-04,01N3S3,102-01N3S3,C,N,N3,1,2,36.43,120.04,0.0196,oant
20150525-gel1,20150525-gel1-04,01N3S3,102-01N3S3,C,N,N3,1,3,26.12,604.05,0.1725,oant
20150525-gel1,20150525-gel1-04,01N3S3,102-01N3S3,C,N,N3,1,4,16.67,537.29,0.1095,lpdaC
20150525-gel1,20150525-gel1-04,01N3S3,102-01N3S3,C,N,N3,1,5,15.69,466.36,0.0877,lpda
20150525-gel1,20150525-gel1-04,01N3S3,102-01N3S3,C,N,N3,1,6,11.16,1.8903,NA,lpda
20150525-gel1,20150525-gel1-04,01N3S3,102-01N3S3,C,N,N3,1,7,8.044,1133.26,0.4157,lpda
20150525-gel1,20150525-gel1-04,01N3S3,102-01N3S3,C,N,N3,1,8,5.2,592.88,0.1764,lpda
20150525-gel1,20150525-gel1-05,01P5S1,103-01P5S1,C,P,P5,1,1,40.33,59.27,0.0276,oant
20150525-gel1,20150525-gel1-05,01P5S1,103-01P5S1,C,P,P5,1,2,26.53,99.57,0.0681,oant
20150525-gel1,20150525-gel1-05,01P5S1,103-01P5S1,C,P,P5,1,3,16.76,339.73,0.1897,lpdaC
20150525-gel1,20150525-gel1-05,01P5S1,103-01P5S1,C,P,P5,1,4,15.69,180.64,0.0769,lpda
20150525-gel1,20150525-gel1-05,01P5S1,103-01P5S1,C,P,P5,1,5,11.24,135.64,0.0708,lpda
20150525-gel1,20150525-gel1-05,01P5S1,103-01P5S1,C,P,P5,1,6,9.556,398.59,0.1282,lpda
20150525-gel1,20150525-gel1-05,01P5S1,103-01P5S1,C,P,P5,1,7,8.133,303.26,0.2294,lpda
20150525-gel1,20150525-gel1-05,01P5S1,103-01P5S1,C,P,P5,1,8,5.378,203.28,0.2093,lpda
20150525-gel1,20150525-gel1-06,21N5S5,112-21N5S5,T,N,N5,21,1,65.13,590.32,0.0754,oant
20150525-gel1,20150525-gel1-06,21N5S5,112-21N5S5,T,N,N5,21,2,38.84,1866.87,0.2953,oant
20150525-gel1,20150525-gel1-06,21N5S5,112-21N5S5,T,N,N5,21,3,31.6,658.35,0.0852,oant
20150525-gel1,20150525-gel1-06,21N5S5,112-21N5S5,T,N,N5,21,4,27.46,361.22,0.019,oant
20150525-gel1,20150525-gel1-06,21N5S5,112-21N5S5,T,N,N5,21,5,24.07,566.64,0.0561,oant
20150525-gel1,20150525-gel1-06,21N5S5,112-21N5S5,T,N,N5,21,6,19.75,977.61,0.1232,oant
20150525-gel1,20150525-gel1-06,21N5S5,112-21N5S5,T,N,N5,21,7,15.24,762.35,0.0563,lpdaC
20150525-gel1,20150525-gel1-06,21N5S5,112-21N5S5,T,N,N5,21,8,14,428.99,0.0169,lpda
20150525-gel1,20150525-gel1-06,21N5S5,112-21N5S5,T,N,N5,21,9,9.733,1340.91,0.062,lpda
20150525-gel1,20150525-gel1-06,21N5S5,112-21N5S5,T,N,N5,21,10,8.933,1162.93,0.0326,lpda
20150525-gel1,20150525-gel1-06,21N5S5,112-21N5S5,T,N,N5,21,11,8.133,1526.02,0.135,lpda
20150525-gel1,20150525-gel1-06,21N5S5,112-21N5S5,T,N,N5,21,12,5.2,368.26,0.0431,lpda
20150525-gel1,20150525-gel1-07,21P2S2,114-21P2S2,T,P,P2,21,1,83.25,511.24,0.1285,oant
20150525-gel1,20150525-gel1-07,21P2S2,114-21P2S2,T,P,P2,21,2,78.88,598.34,0.0907,oant
20150525-gel1,20150525-gel1-07,21P2S2,114-21P2S2,T,P,P2,21,3,73.25,526.92,0.0558,oant
20150525-gel1,20150525-gel1-07,21P2S2,114-21P2S2,T,P,P2,21,4,67.63,326.8,0.0688,oant
20150525-gel1,20150525-gel1-07,21P2S2,114-21P2S2,T,P,P2,21,5,60.13,77.95,0.0123,oant
20150525-gel1,20150525-gel1-07,21P2S2,114-21P2S2,T,P,P2,21,6,33.46,92.77,0.0141,oant
20150525-gel1,20150525-gel1-07,21P2S2,114-21P2S2,T,P,P2,21,7,30.11,270.23,0.0391,oant
20150525-gel1,20150525-gel1-07,21P2S2,114-21P2S2,T,P,P2,21,8,27.05,425.04,0.0684,oant
20150525-gel1,20150525-gel1-07,21P2S2,114-21P2S2,T,P,P2,21,9,22.73,173.7,0.0221,oant
20150525-gel1,20150525-gel1-07,21P2S2,114-21P2S2,T,P,P2,21,10,20.78,560.08,0.1224,oant
20150525-gel1,20150525-gel1-07,21P2S2,114-21P2S2,T,P,P2,21,11,17.11,627.66,0.1035,lpdaC
20150525-gel1,20150525-gel1-07,21P2S2,114-21P2S2,T,P,P2,21,12,9.556,529.54,0.099,lpda
20150525-gel1,20150525-gel1-07,21P2S2,114-21P2S2,T,P,P2,21,13,8.578,691.39,0.1756,lpda
20150525-gel1,20150525-gel1-08,21P3S3,121-21P3S3,C,P,P3,21,1,41.26,492.94,0.1058,oant
20150525-gel1,20150525-gel1-08,21P3S3,121-21P3S3,C,P,P3,21,2,38.84,342.08,0.0691,oant
20150525-gel1,20150525-gel1-08,21P3S3,121-21P3S3,C,P,P3,21,3,30.11,54.99,0.0111,oant
20150525-gel1,20150525-gel1-08,21P3S3,121-21P3S3,C,P,P3,21,4,26.94,80.79,0.021,oant
20150525-gel1,20150525-gel1-08,21P3S3,121-21P3S3,C,P,P3,21,5,20.67,263.67,0.08,oant
20150525-gel1,20150525-gel1-08,21P3S3,121-21P3S3,C,P,P3,21,6,16.76,220.05,0.1228,lpdaC
20150525-gel1,20150525-gel1-08,21P3S3,121-21P3S3,C,P,P3,21,7,9.644,530.66,0.1417,lpda
20150525-gel1,20150525-gel1-08,21P3S3,121-21P3S3,C,P,P3,21,8,8.578,865.39,0.384,lpda
20150525-gel1,20150525-gel1-08,21P3S3,121-21P3S3,C,P,P3,21,9,5.022,156.3,0.0646,lpda
20150525-gel1,20150525-gel1-09,21P4S3,117-21P4S3,T,P,P4,21,1,70.13,552.42,0.1373,oant
20150525-gel1,20150525-gel1-09,21P4S3,117-21P4S3,T,P,P4,21,2,65.13,525.56,0.0859,oant
20150525-gel1,20150525-gel1-09,21P4S3,117-21P4S3,T,P,P4,21,3,59.5,378.88,0.0708,oant
20150525-gel1,20150525-gel1-09,21P4S3,117-21P4S3,T,P,P4,21,4,51.38,227.87,0.0401,oant
20150525-gel1,20150525-gel1-09,21P4S3,117-21P4S3,T,P,P4,21,5,42,519.97,0.0952,oant
20150525-gel1,20150525-gel1-09,21P4S3,117-21P4S3,T,P,P4,21,6,39.03,286.19,0.0482,oant
20150525-gel1,20150525-gel1-09,21P4S3,117-21P4S3,T,P,P4,21,7,27.36,57.2,0.0088,oant
20150525-gel1,20150525-gel1-09,21P4S3,117-21P4S3,T,P,P4,21,8,20.78,423.88,0.1289,oant
20150525-gel1,20150525-gel1-09,21P4S3,117-21P4S3,T,P,P4,21,9,17.47,308.93,0.0459,lpdaC
20150525-gel1,20150525-gel1-09,21P4S3,117-21P4S3,T,P,P4,21,10,16.4,295.09,0.051,lpda
20150525-gel1,20150525-gel1-09,21P4S3,117-21P4S3,T,P,P4,21,11,9.644,480.29,0.0888,lpda
20150525-gel1,20150525-gel1-09,21P4S3,117-21P4S3,T,P,P4,21,12,8.667,667.94,0.1698,lpda
20150525-gel1,20150525-gel1-09,21P4S3,117-21P4S3,T,P,P4,21,13,4.933,98.65,0.0294,lpda
20150525-gel1,20150525-gel1-10,21P4S5,118-21P4S5,T,P,P4,21,1,82,1472,0.1219,oant
20150525-gel1,20150525-gel1-10,21P4S5,118-21P4S5,T,P,P4,21,2,77.63,1754.77,0.0877,oant
20150525-gel1,20150525-gel1-10,21P4S5,118-21P4S5,T,P,P4,21,3,72.63,2038.51,0.0737,oant
20150525-gel1,20150525-gel1-10,21P4S5,118-21P4S5,T,P,P4,21,4,66.38,2133.77,0.0853,oant
20150525-gel1,20150525-gel1-10,21P4S5,118-21P4S5,T,P,P4,21,5,59.5,1711.81,0.0617,oant
20150525-gel1,20150525-gel1-10,21P4S5,118-21P4S5,T,P,P4,21,6,52.63,1151.55,0.042,oant
20150525-gel1,20150525-gel1-10,21P4S5,118-21P4S5,T,P,P4,21,7,40.7,736.57,0.0705,oant
20150525-gel1,20150525-gel1-10,21P4S5,118-21P4S5,T,P,P4,21,8,33.27,731.34,0.051,oant
20150525-gel1,20150525-gel1-10,21P4S5,118-21P4S5,T,P,P4,21,9,29.37,552.48,0.0273,oant
20150525-gel1,20150525-gel1-10,21P4S5,118-21P4S5,T,P,P4,21,10,22.42,477.57,0.0223,oant
20150525-gel1,20150525-gel1-10,21P4S5,118-21P4S5,T,P,P4,21,11,20.57,751.22,0.0649,oant
20150525-gel1,20150525-gel1-10,21P4S5,118-21P4S5,T,P,P4,21,12,17.64,240.78,0.0102,lpdaC
20150525-gel1,20150525-gel1-10,21P4S5,118-21P4S5,T,P,P4,21,13,15.87,348.29,0.0161,lpda
20150525-gel1,20150525-gel1-10,21P4S5,118-21P4S5,T,P,P4,21,14,14.44,116.26,0.003,lpda
20150525-gel1,20150525-gel1-10,21P4S5,118-21P4S5,T,P,P4,21,15,11.78,103.17,0.0035,lpda
20150525-gel1,20150525-gel1-10,21P4S5,118-21P4S5,T,P,P4,21,16,9.822,1020.78,0.0482,lpda
20150525-gel1,20150525-gel1-10,21P4S5,118-21P4S5,T,P,P4,21,17,8.489,1419.4,0.1304,lpda
20150525-gel1,20150525-gel1-10,21P4S5,118-21P4S5,T,P,P4,21,18,5.556,1011.65,0.0801,lpda
20150525-gel1,20150525-gel1-11,21P5S1,119-21P5S1,T,P,P5,21,1,43.25,363.6,0.1923,oant
20150525-gel1,20150525-gel1-11,21P5S1,119-21P5S1,T,P,P5,21,2,40.33,300.26,0.162,oant
20150525-gel1,20150525-gel1-11,21P5S1,119-21P5S1,T,P,P5,21,3,31.79,54.95,0.025,oant
20150525-gel1,20150525-gel1-11,21P5S1,119-21P5S1,T,P,P5,21,4,28.18,67.06,0.0273,oant
20150525-gel1,20150525-gel1-11,21P5S1,119-21P5S1,T,P,P5,21,5,21.7,284.33,0.1797,oant
20150525-gel1,20150525-gel1-11,21P5S1,119-21P5S1,T,P,P5,21,6,18.1,317.82,0.1875,oant
20150525-gel1,20150525-gel1-11,21P5S1,119-21P5S1,T,P,P5,21,7,10,391.54,0.162,lpda
20150525-gel1,20150525-gel1-11,21P5S1,119-21P5S1,T,P,P5,21,8,4.667,110.38,0.0643,lpda
20150525-gel1,20150525-gel1-12,21P5S3,120-21P5S3,T,P,P5,21,1,43.25,412.63,0.2705,oant
20150525-gel1,20150525-gel1-12,21P5S3,120-21P5S3,T,P,P5,21,2,33.27,199.95,0.0731,oant
20150525-gel1,20150525-gel1-12,21P5S3,120-21P5S3,T,P,P5,21,3,29.19,271.07,0.0892,oant
20150525-gel1,20150525-gel1-12,21P5S3,120-21P5S3,T,P,P5,21,4,22.83,327.48,0.138,oant
20150525-gel1,20150525-gel1-12,21P5S3,120-21P5S3,T,P,P5,21,5,19.23,438.9,0.1594,oant
20150525-gel1,20150525-gel1-12,21P5S3,120-21P5S3,T,P,P5,21,6,9.644,564.37,0.2319,lpda
20150525-gel1,20150525-gel1-12,21P5S3,120-21P5S3,T,P,P5,21,7,5.111,88.1,0.0378,lpda
20150525-gel2,20150525-gel2-03,01N3S2,201-01N3S2,C,N,N3,1,1,16.38,62,1,lpdaC
20150525-gel2,20150525-gel2-04,19N1S4,202-19N1S4,C,N,N1,19,1,39.23,89.7,0.3708,oant
20150525-gel2,20150525-gel2-04,19N1S4,202-19N1S4,C,N,N1,19,2,36.46,77.9,0.248,oant
20150525-gel2,20150525-gel2-04,19N1S4,202-19N1S4,C,N,N1,19,3,19.93,51.26,0.1704,oant
20150525-gel2,20150525-gel2-04,19N1S4,202-19N1S4,C,N,N1,19,4,15.52,81.79,0.2109,lpda
20150525-gel2,20150525-gel2-05,01N3S4,203-01N3S4,C,N,N3,1,1,16.76,94.86,1,lpdaC
20150525-gel2,20150525-gel2-06,01P5S5,204-01P5S5,C,P,P5,1,1,16.86,28.94,1,lpdaC
20150525-gel2,20150525-gel2-07,19P2S4,205-19P2S4,T,P,P2,19,1,66,131.01,0.3721,oant
20150525-gel2,20150525-gel2-07,19P2S4,205-19P2S4,T,P,P2,19,2,63.2,150.93,0.071,oant
20150525-gel2,20150525-gel2-07,19P2S4,205-19P2S4,T,P,P2,19,3,60.4,157.75,0.0111,oant
20150525-gel2,20150525-gel2-07,19P2S4,205-19P2S4,T,P,P2,19,4,56.4,126.41,0.0774,oant
20150525-gel2,20150525-gel2-07,19P2S4,205-19P2S4,T,P,P2,19,5,52,79.27,0.0898,oant
20150525-gel2,20150525-gel2-07,19P2S4,205-19P2S4,T,P,P2,19,6,47.2,42.63,0.0528,oant
20150525-gel2,20150525-gel2-07,19P2S4,205-19P2S4,T,P,P2,19,7,28.27,13.41,0.0016,oant
20150525-gel2,20150525-gel2-07,19P2S4,205-19P2S4,T,P,P2,19,8,22.13,46.46,0.0597,oant
20150525-gel2,20150525-gel2-07,19P2S4,205-19P2S4,T,P,P2,19,9,20.38,125.84,0.1418,oant
20150525-gel2,20150525-gel2-07,19P2S4,205-19P2S4,T,P,P2,19,10,17.05,112.39,0.1227,lpdaC
20150525-gel2,20150525-gel2-08,19P5S3,206-19P5S3,T,P,P5,19,1,94.8,416.01,0.0574,oant
20150525-gel2,20150525-gel2-08,19P5S3,206-19P5S3,T,P,P5,19,2,64.4,787.35,0.1057,oant
20150525-gel2,20150525-gel2-08,19P5S3,206-19P5S3,T,P,P5,19,3,60.8,1219.86,0.1191,oant
20150525-gel2,20150525-gel2-08,19P5S3,206-19P5S3,T,P,P5,19,4,56.8,1473.3,0.1744,oant
20150525-gel2,20150525-gel2-08,19P5S3,206-19P5S3,T,P,P5,19,5,53.6,1502.43,0.2097,oant
20150525-gel2,20150525-gel2-08,19P5S3,206-19P5S3,T,P,P5,19,6,48.4,870.07,0.0568,oant
20150525-gel2,20150525-gel2-08,19P5S3,206-19P5S3,T,P,P5,19,7,43.2,432.69,0.0444,oant
20150525-gel2,20150525-gel2-08,19P5S3,206-19P5S3,T,P,P5,19,8,40.72,319.41,0.035,oant
20150525-gel2,20150525-gel2-08,19P5S3,206-19P5S3,T,P,P5,19,9,37.74,185.68,0.031,oant
20150525-gel2,20150525-gel2-08,19P5S3,206-19P5S3,T,P,P5,19,10,25.79,132.46,0.0185,oant
20150525-gel2,20150525-gel2-08,19P5S3,206-19P5S3,T,P,P5,19,11,24.23,206.4,0.0269,oant
20150525-gel2,20150525-gel2-08,19P5S3,206-19P5S3,T,P,P5,19,12,22.4,351.16,0.0424,oant
20150525-gel2,20150525-gel2-08,19P5S3,206-19P5S3,T,P,P5,19,13,21.48,328.22,0.0707,oant
20150525-gel2,20150525-gel2-08,19P5S3,206-19P5S3,T,P,P5,19,14,17.24,82.72,0.008,lpdaC
20150525-gel2,20150525-gel2-09,19P5S1,207-19P5S1,T,P,P5,19,1,61.6,85.6,0.7557,oant
20150525-gel2,20150525-gel2-09,19P5S1,207-19P5S1,T,P,P5,19,2,21.02,44.78,0.168,oant
20150525-gel2,20150525-gel2-09,19P5S1,207-19P5S1,T,P,P5,19,3,17.62,33.47,0.0763,lpdaC
20150525-gel2,20150525-gel2-10,01P2S1,208-01P2S1,C,P,P2,1,1,17.9,79.06,1,lpdaC
20150525-gel2,20150525-gel2-11,19N5S2,209-19N5S2,T,N,N5,19,1,92.4,61.81,0.0167,oant
20150525-gel2,20150525-gel2-11,19N5S2,209-19N5S2,T,N,N5,19,2,81.2,221.74,0.0896,oant
20150525-gel2,20150525-gel2-11,19N5S2,209-19N5S2,T,N,N5,19,3,60.8,264.12,0.125,oant
20150525-gel2,20150525-gel2-11,19N5S2,209-19N5S2,T,N,N5,19,4,42.8,756.91,0.192,oant
20150525-gel2,20150525-gel2-11,19N5S2,209-19N5S2,T,N,N5,19,5,40.3,823.54,0.2248,oant
20150525-gel2,20150525-gel2-11,19N5S2,209-19N5S2,T,N,N5,19,6,34.33,73.17,0.0244,oant
20150525-gel2,20150525-gel2-11,19N5S2,209-19N5S2,T,N,N5,19,7,25.7,63.68,0.0206,oant
20150525-gel2,20150525-gel2-11,19N5S2,209-19N5S2,T,N,N5,19,8,23.5,179.28,0.0378,oant
20150525-gel2,20150525-gel2-11,19N5S2,209-19N5S2,T,N,N5,19,9,21.48,421.04,0.2137,oant
20150525-gel2,20150525-gel2-11,19N5S2,209-19N5S2,T,N,N5,19,10,17.05,152.58,0.0553,lpdaC
20150525-gel2,20150525-gel2-12,19N2S1,210-19N2S1,T,N,N2,19,1,42,159.99,0.1603,oant
20150525-gel2,20150525-gel2-12,19N2S1,210-19N2S1,T,N,N2,19,2,38.8,226.75,0.3224,oant
20150525-gel2,20150525-gel2-12,19N2S1,210-19N2S1,T,N,N2,19,3,35.82,168.47,0.1839,oant
20150525-gel2,20150525-gel2-12,19N2S1,210-19N2S1,T,N,N2,19,4,18.73,135.14,0.3334,lpdaC
20150525-gel3,20150525-gel3-03,19N1S2,211-19N1S2,C,N,N1,19,1,44.24,55.05,0.0553,oant
20150525-gel3,20150525-gel3-03,19N1S2,211-19N1S2,C,N,N1,19,2,38.97,73.95,0.0668,oant
20150525-gel3,20150525-gel3-03,19N1S2,211-19N1S2,C,N,N1,19,3,36.66,84.44,0.0642,oant
20150525-gel3,20150525-gel3-03,19N1S2,211-19N1S2,C,N,N1,19,4,33.81,132.54,0.1044,oant
20150525-gel3,20150525-gel3-03,19N1S2,211-19N1S2,C,N,N1,19,5,30.96,109.44,0.088,oant
20150525-gel3,20150525-gel3-03,19N1S2,211-19N1S2,C,N,N1,19,6,16.33,47.03,0.0468,lpdaC
20150525-gel3,20150525-gel3-03,19N1S2,211-19N1S2,C,N,N1,19,7,15.12,62.5,0.0465,lpda
20150525-gel3,20150525-gel3-03,19N1S2,211-19N1S2,C,N,N1,19,8,14,33.75,0.0203,lpda
20150525-gel3,20150525-gel3-03,19N1S2,211-19N1S2,C,N,N1,19,9,7.581,150.42,0.2612,lpda
20150525-gel3,20150525-gel3-03,19N1S2,211-19N1S2,C,N,N1,19,10,4.884,174.33,0.2465,lpda
20150525-gel3,20150525-gel3-04,19N3S4,212-19N3S4,T,N,N3,19,1,38.26,273.5,0.3043,oant
20150525-gel3,20150525-gel3-04,19N3S4,212-19N3S4,T,N,N3,19,2,35.23,249.22,0.1513,oant
20150525-gel3,20150525-gel3-04,19N3S4,212-19N3S4,T,N,N3,19,3,20.7,70.8,0.0697,oant
20150525-gel3,20150525-gel3-04,19N3S4,212-19N3S4,T,N,N3,19,4,19.35,117.55,0.1324,oant
20150525-gel3,20150525-gel3-04,19N3S4,212-19N3S4,T,N,N3,19,5,7.395,126.88,0.0954,lpda
20150525-gel3,20150525-gel3-04,19N3S4,212-19N3S4,T,N,N3,19,6,4.605,181.8,0.2469,lpda
20150525-gel3,20150525-gel3-05,19P4S5,213-19P4S5,T,P,P4,19,1,52.84,52.7,0.0929,oant
20150525-gel3,20150525-gel3-05,19P4S5,213-19P4S5,T,P,P4,19,2,38.79,14.68,NA,oant
20150525-gel3,20150525-gel3-05,19P4S5,213-19P4S5,T,P,P4,19,3,35.59,2.6985,NA,oant
20150525-gel3,20150525-gel3-05,19P4S5,213-19P4S5,T,P,P4,19,4,18.19,52.24,0.0916,lpdaC
20150525-gel3,20150525-gel3-05,19P4S5,213-19P4S5,T,P,P4,19,5,15.77,6.8733,NA,lpda
20150525-gel3,20150525-gel3-05,19P4S5,213-19P4S5,T,P,P4,19,6,13.91,49.65,0.0321,lpda
20150525-gel3,20150525-gel3-05,19P4S5,213-19P4S5,T,P,P4,19,7,7.209,156.35,0.2901,lpda
20150525-gel3,20150525-gel3-05,19P4S5,213-19P4S5,T,P,P4,19,8,4.419,223.99,0.5546,lpda
20150525-gel3,20150525-gel3-06,19P2S2,214-19P2S2,T,P,P2,19,1,56.58,258.09,0.0431,oant
20150525-gel3,20150525-gel3-06,19P2S2,214-19P2S2,T,P,P2,19,2,51.35,282.87,0.1793,oant
20150525-gel3,20150525-gel3-06,19P2S2,214-19P2S2,T,P,P2,19,3,47.61,232.33,0.0691,oant
20150525-gel3,20150525-gel3-06,19P2S2,214-19P2S2,T,P,P2,19,4,43.12,161.27,0.0389,oant
20150525-gel3,20150525-gel3-06,19P2S2,214-19P2S2,T,P,P2,19,5,40.22,99.18,0.0283,oant
20150525-gel3,20150525-gel3-06,19P2S2,214-19P2S2,T,P,P2,19,6,27.94,43.76,0.0172,oant
20150525-gel3,20150525-gel3-06,19P2S2,214-19P2S2,T,P,P2,19,7,25.43,44.34,0.0213,oant
20150525-gel3,20150525-gel3-06,19P2S2,214-19P2S2,T,P,P2,19,8,21.18,77.38,0.0304,oant
20150525-gel3,20150525-gel3-06,19P2S2,214-19P2S2,T,P,P2,19,9,19.16,214.3,0.1179,oant
20150525-gel3,20150525-gel3-06,19P2S2,214-19P2S2,T,P,P2,19,10,15.77,194.44,0.0922,lpdaC
20150525-gel3,20150525-gel3-06,19P2S2,214-19P2S2,T,P,P2,19,11,7.488,247.35,0.1851,lpda
20150525-gel3,20150525-gel3-06,19P2S2,214-19P2S2,T,P,P2,19,12,4.698,221.6,0.1772,lpda
20150525-gel3,20150525-gel3-07,01P2S2,215-01P2S2,C,P,P2,1,1,3.116,509.83,1,oant
20150525-gel3,20150525-gel3-08,01N2S3,216-01N2S3,C,N,N2,1,1,73.4,425.6,0.141,oant
20150525-gel3,20150525-gel3-08,01N2S3,216-01N2S3,C,N,N2,1,2,40.4,203.38,0.0305,oant
20150525-gel3,20150525-gel3-08,01N2S3,216-01N2S3,C,N,N2,1,3,38.26,1060.52,0.1599,oant
20150525-gel3,20150525-gel3-08,01N2S3,216-01N2S3,C,N,N2,1,4,35.59,928.85,0.2842,oant
20150525-gel3,20150525-gel3-08,01N2S3,216-01N2S3,C,N,N2,1,5,23.11,44.01,0.0052,oant
20150525-gel3,20150525-gel3-08,01N2S3,216-01N2S3,C,N,N2,1,6,21.09,95.14,0.0381,oant
20150525-gel3,20150525-gel3-08,01N2S3,216-01N2S3,C,N,N2,1,7,8.605,217.83,0.03,lpda
20150525-gel3,20150525-gel3-08,01N2S3,216-01N2S3,C,N,N2,1,8,7.395,336.88,0.1141,lpda
20150525-gel3,20150525-gel3-08,01N2S3,216-01N2S3,C,N,N2,1,9,4.512,437.38,0.1971,lpda
20150525-gel3,20150525-gel3-09,21P2S1,113-21P2S1,T,P,P2,21,1,64.43,402.06,0.0655,oant
20150525-gel3,20150525-gel3-09,21P2S1,113-21P2S1,T,P,P2,21,2,62.19,477.13,0.0924,oant
20150525-gel3,20150525-gel3-09,21P2S1,113-21P2S1,T,P,P2,21,3,58.45,527.76,0.0914,oant
20150525-gel3,20150525-gel3-09,21P2S1,113-21P2S1,T,P,P2,21,4,55.46,529.82,0.104,oant
20150525-gel3,20150525-gel3-09,21P2S1,113-21P2S1,T,P,P2,21,5,51.72,386.35,0.062,oant
20150525-gel3,20150525-gel3-09,21P2S1,113-21P2S1,T,P,P2,21,6,47.98,265.38,0.0396,oant
20150525-gel3,20150525-gel3-09,21P2S1,113-21P2S1,T,P,P2,21,7,43.12,173.48,0.0201,oant
20150525-gel3,20150525-gel3-09,21P2S1,113-21P2S1,T,P,P2,21,8,40.58,128.24,0.0157,oant
20150525-gel3,20150525-gel3-09,21P2S1,113-21P2S1,T,P,P2,21,9,31.49,167.36,0.0311,oant
20150525-gel3,20150525-gel3-09,21P2S1,113-21P2S1,T,P,P2,21,10,28.13,186.45,0.028,oant
20150525-gel3,20150525-gel3-09,21P2S1,113-21P2S1,T,P,P2,21,11,25.62,273.61,0.0438,oant
20150525-gel3,20150525-gel3-09,21P2S1,113-21P2S1,T,P,P2,21,12,21.57,200.49,0.0262,oant
20150525-gel3,20150525-gel3-09,21P2S1,113-21P2S1,T,P,P2,21,13,19.54,432.15,0.0735,oant
20150525-gel3,20150525-gel3-09,21P2S1,113-21P2S1,T,P,P2,21,14,15.95,374.49,0.0512,lpdaC
20150525-gel3,20150525-gel3-09,21P2S1,113-21P2S1,T,P,P2,21,15,7.488,591.15,0.1557,lpda
20150525-gel3,20150525-gel3-09,21P2S1,113-21P2S1,T,P,P2,21,16,4.326,431.85,0.0996,lpda
20150525-gel3,20150525-gel3-10,21P2S4,115-21P2S4,T,P,P2,21,1,70.04,165.74,0.0684,oant
20150525-gel3,20150525-gel3-10,21P2S4,115-21P2S4,T,P,P2,21,2,65.93,235.48,0.0822,oant
20150525-gel3,20150525-gel3-10,21P2S4,115-21P2S4,T,P,P2,21,3,59.57,235.7,0.1214,oant
20150525-gel3,20150525-gel3-10,21P2S4,115-21P2S4,T,P,P2,21,4,55.83,217.23,0.0573,oant
20150525-gel3,20150525-gel3-10,21P2S4,115-21P2S4,T,P,P2,21,5,52.09,145.44,0.0598,oant
20150525-gel3,20150525-gel3-10,21P2S4,115-21P2S4,T,P,P2,21,6,48.36,92.03,0.0462,oant
20150525-gel3,20150525-gel3-10,21P2S4,115-21P2S4,T,P,P2,21,7,43.87,44.94,0.0178,oant
20150525-gel3,20150525-gel3-10,21P2S4,115-21P2S4,T,P,P2,21,8,28.52,17.93,0.0054,oant
20150525-gel3,20150525-gel3-10,21P2S4,115-21P2S4,T,P,P2,21,9,25.91,37.08,0.0122,oant
20150525-gel3,20150525-gel3-10,21P2S4,115-21P2S4,T,P,P2,21,10,21.76,64.29,0.0187,oant
20150525-gel3,20150525-gel3-10,21P2S4,115-21P2S4,T,P,P2,21,11,19.74,179.33,0.0871,oant
20150525-gel3,20150525-gel3-10,21P2S4,115-21P2S4,T,P,P2,21,12,16.23,174.13,0.0614,lpdaC
20150525-gel3,20150525-gel3-10,21P2S4,115-21P2S4,T,P,P2,21,13,7.674,283.19,0.1619,lpda
20150525-gel3,20150525-gel3-10,21P2S4,115-21P2S4,T,P,P2,21,14,4.791,271.55,0.2002,lpda
20150525-gel3,20150525-gel3-11,21P4S2,116-21P4S2,T,P,P4,21,1,66.67,435.45,0.1359,oant
20150525-gel3,20150525-gel3-11,21P4S2,116-21P4S2,T,P,P4,21,2,64.43,444.98,0.0574,oant
20150525-gel3,20150525-gel3-11,21P4S2,116-21P4S2,T,P,P4,21,3,61.07,431.35,0.0724,oant
20150525-gel3,20150525-gel3-11,21P4S2,116-21P4S2,T,P,P4,21,4,58.07,388.71,0.0706,oant
20150525-gel3,20150525-gel3-11,21P4S2,116-21P4S2,T,P,P4,21,5,54.71,300.08,0.0591,oant
20150525-gel3,20150525-gel3-11,21P4S2,116-21P4S2,T,P,P4,21,6,50.97,207.71,0.0443,oant
20150525-gel3,20150525-gel3-11,21P4S2,116-21P4S2,T,P,P4,21,7,46.86,148.74,0.0327,oant
20150525-gel3,20150525-gel3-11,21P4S2,116-21P4S2,T,P,P4,21,8,42,114.14,0.0327,oant
20150525-gel3,20150525-gel3-11,21P4S2,116-21P4S2,T,P,P4,21,9,29.18,98.31,0.025,oant
20150525-gel3,20150525-gel3-11,21P4S2,116-21P4S2,T,P,P4,21,10,26.59,214.86,0.0489,oant
20150525-gel3,20150525-gel3-11,21P4S2,116-21P4S2,T,P,P4,21,11,24.46,137.81,0.0315,oant
20150525-gel3,20150525-gel3-11,21P4S2,116-21P4S2,T,P,P4,21,12,22.63,161.93,0.0137,oant
20150525-gel3,20150525-gel3-11,21P4S2,116-21P4S2,T,P,P4,21,13,20.32,206.3,0.055,oant
20150525-gel3,20150525-gel3-11,21P4S2,116-21P4S2,T,P,P4,21,14,16.88,291.98,0.0502,lpdaC
20150525-gel3,20150525-gel3-11,21P4S2,116-21P4S2,T,P,P4,21,15,7.86,414.89,0.1479,lpda
20150525-gel3,20150525-gel3-11,21P4S2,116-21P4S2,T,P,P4,21,16,4.977,333.38,0.1227,lpda
20150525-gel3,20150525-gel3-12,21N3S4,109-21N3S4,T,N,N3,21,1,57.33,369.8,0.0604,oant
20150525-gel3,20150525-gel3-12,21N3S4,109-21N3S4,T,N,N3,21,2,45.36,416.85,0.0249,oant
20150525-gel3,20150525-gel3-12,21N3S4,109-21N3S4,T,N,N3,21,3,41.64,1053.65,0.0541,oant
20150525-gel3,20150525-gel3-12,21N3S4,109-21N3S4,T,N,N3,21,4,39.33,965.04,0.0776,oant
20150525-gel3,20150525-gel3-12,21N3S4,109-21N3S4,T,N,N3,21,5,34.52,404.43,0.0443,oant
20150525-gel3,20150525-gel3-12,21N3S4,109-21N3S4,T,N,N3,21,6,30.96,378.21,0.0411,oant
20150525-gel3,20150525-gel3-12,21N3S4,109-21N3S4,T,N,N3,21,7,27.65,405.99,0.0516,oant
20150525-gel3,20150525-gel3-12,21N3S4,109-21N3S4,T,N,N3,21,8,25.33,145.6,0.0175,oant
20150525-gel3,20150525-gel3-12,21N3S4,109-21N3S4,T,N,N3,21,9,23.21,296.34,0.0232,oant
20150525-gel3,20150525-gel3-12,21N3S4,109-21N3S4,T,N,N3,21,10,21.67,553.57,0.0808,oant
20150525-gel3,20150525-gel3-12,21N3S4,109-21N3S4,T,N,N3,21,11,18.29,271.69,0.0327,lpdaC
20150525-gel3,20150525-gel3-12,21N3S4,109-21N3S4,T,N,N3,21,12,16.88,156.81,0.0084,lpda
20150525-gel3,20150525-gel3-12,21N3S4,109-21N3S4,T,N,N3,21,13,8.14,1341.47,0.2407,lpda
20150525-gel3,20150525-gel3-12,21N3S4,109-21N3S4,T,N,N3,21,14,5.442,1278.59,0.2428,lpda
20160413-gel1,20160413-gel1-02,01N3S3,217-01N3S3,C,N,N3,1,1,31.13,35,0.0613,oant
20160413-gel1,20160413-gel1-02,01N3S3,217-01N3S3,C,N,N3,1,2,28.41,140,0.1509,oant
20160413-gel1,20160413-gel1-02,01N3S3,217-01N3S3,C,N,N3,1,3,26.72,43,0.0465,oant
20160413-gel1,20160413-gel1-02,01N3S3,217-01N3S3,C,N,N3,1,4,20.03,43.51,0.0436,oant
20160413-gel1,20160413-gel1-02,01N3S3,217-01N3S3,C,N,N3,1,5,18.34,317.42,0.3863,lpdaC
20160413-gel1,20160413-gel1-02,01N3S3,217-01N3S3,C,N,N3,1,6,17.33,120.11,0.1388,lpda
20160413-gel1,20160413-gel1-02,01N3S3,217-01N3S3,C,N,N3,1,7,13.26,66.11,0.1726,lpda
20160413-gel1,20160413-gel1-03,05P4S1,218-05P4S1,T,P,P4,5,1,28.58,167.33,0.3971,oant
20160413-gel1,20160413-gel1-03,05P4S1,218-05P4S1,T,P,P4,5,2,26.88,47.45,0.1166,oant
20160413-gel1,20160413-gel1-03,05P4S1,218-05P4S1,T,P,P4,5,3,18.59,159.71,0.3723,lpdaC
20160413-gel1,20160413-gel1-03,05P4S1,218-05P4S1,T,P,P4,5,4,12.89,24.82,0.0607,lpda
20160413-gel1,20160413-gel1-03,05P4S1,218-05P4S1,T,P,P4,5,5,10.81,15.55,0.0533,lpda
20160413-gel1,20160413-gel1-04,05N2S1,219-05N2S1,T,N,N2,5,1,49.94,145.34,0.024,oant
20160413-gel1,20160413-gel1-04,05N2S1,219-05N2S1,T,N,N2,5,2,46.13,1108.89,0.3878,oant
20160413-gel1,20160413-gel1-04,05N2S1,219-05N2S1,T,N,N2,5,3,41.88,1460.69,0.4822,oant
20160413-gel1,20160413-gel1-04,05N2S1,219-05N2S1,T,N,N2,5,4,28.83,131.88,0.0473,oant
20160413-gel1,20160413-gel1-04,05N2S1,219-05N2S1,T,N,N2,5,5,27.31,112.82,0.0405,oant
20160413-gel1,20160413-gel1-04,05N2S1,219-05N2S1,T,N,N2,5,6,25.28,103.07,0.0362,oant
20160413-gel1,20160413-gel1-04,05N2S1,219-05N2S1,T,N,N2,5,7,12.96,18.28,0.0056,lpda
20160413-gel1,20160413-gel1-04,05N2S1,219-05N2S1,T,N,N2,5,8,10.81,NA,NA,lpda
20160413-gel1,20160413-gel1-05,01N2S1,220-01N2S1,C,N,N2,1,1,28.92,140,0.2646,oant
20160413-gel1,20160413-gel1-05,01N2S1,220-01N2S1,C,N,N2,1,2,27.22,43,0.0851,oant
20160413-gel1,20160413-gel1-05,01N2S1,220-01N2S1,C,N,N2,1,3,19.1,140.45,0.2581,lpdaC
20160413-gel1,20160413-gel1-05,01N2S1,220-01N2S1,C,N,N2,1,4,13.63,91.55,0.3226,lpda
20160413-gel1,20160413-gel1-05,01N2S1,220-01N2S1,C,N,N2,1,5,11.11,34.15,0.0696,lpda
20160413-gel1,20160413-gel1-06,01P4S5,221-01P4S5,C,P,P4,1,1,28.92,177.19,0.2366,oant
20160413-gel1,20160413-gel1-06,01P4S5,221-01P4S5,C,P,P4,1,2,18.68,69.83,0.3369,lpdaC
20160413-gel1,20160413-gel1-06,01P4S5,221-01P4S5,C,P,P4,1,3,13.56,130.5,0.3259,lpda
20160413-gel1,20160413-gel1-06,01P4S5,221-01P4S5,C,P,P4,1,4,11.26,66.51,0.1006,lpda
20160413-gel1,20160413-gel1-07,19P5S5,222-19P5S5,T,P,P5,19,1,28.83,190.9,0.2396,oant
20160413-gel1,20160413-gel1-07,19P5S5,222-19P5S5,T,P,P5,19,2,27.14,49.07,0.0597,oant
20160413-gel1,20160413-gel1-07,19P5S5,222-19P5S5,T,P,P5,19,3,22.82,29.84,0.04,oant
20160413-gel1,20160413-gel1-07,19P5S5,222-19P5S5,T,P,P5,19,4,19.1,175.8,0.2271,lpdaC
20160413-gel1,20160413-gel1-07,19P5S5,222-19P5S5,T,P,P5,19,5,17.19,39.32,0.0561,lpda
20160413-gel1,20160413-gel1-07,19P5S5,222-19P5S5,T,P,P5,19,6,13.41,126.06,0.2969,lpda
20160413-gel1,20160413-gel1-07,19P5S5,222-19P5S5,T,P,P5,19,7,11.11,59.86,0.0806,lpda
20160413-gel1,20160413-gel1-08,01N2S4,223-01N2S4,C,N,N2,1,1,28.83,149,0.2897,oant
20160413-gel1,20160413-gel1-08,01N2S4,223-01N2S4,C,N,N2,1,2,27.14,47,0.0907,oant
20160413-gel1,20160413-gel1-08,01N2S4,223-01N2S4,C,N,N2,1,3,18.85,162.82,0.3076,lpdaC
20160413-gel1,20160413-gel1-08,01N2S4,223-01N2S4,C,N,N2,1,4,13.33,72.54,0.2673,lpda
20160413-gel1,20160413-gel1-08,01N2S4,223-01N2S4,C,N,N2,1,5,10.89,27.16,0.0447,lpda
20160413-gel1,20160413-gel1-09,01N5S4,224-01N5S4,C,N,N5,1,1,28.66,133.53,0.2256,oant
20160413-gel1,20160413-gel1-09,01N5S4,224-01N5S4,C,N,N5,1,2,27.14,56.56,0.1031,oant
20160413-gel1,20160413-gel1-09,01N5S4,224-01N5S4,C,N,N5,1,3,18.51,255.18,0.4577,lpdaC
20160413-gel1,20160413-gel1-09,01N5S4,224-01N5S4,C,N,N5,1,4,17.26,83.02,0.104,lpda
20160413-gel1,20160413-gel1-09,01N5S4,224-01N5S4,C,N,N5,1,5,12.96,22.03,0.0733,lpda
20160413-gel1,20160413-gel1-09,01N5S4,224-01N5S4,C,N,N5,1,6,10.44,22.5,0.0363,lpda
20160413-gel2,20160413-gel2-02,19N5S1,225-19N5S1,T,N,N5,19,1,48.93,576.15,0.0509,oant
20160413-gel2,20160413-gel2-02,19N5S1,225-19N5S1,T,N,N5,19,2,44.83,1975.63,0.1967,oant
20160413-gel2,20160413-gel2-02,19N5S1,225-19N5S1,T,N,N5,19,3,41.38,1540.14,0.147,oant
20160413-gel2,20160413-gel2-02,19N5S1,225-19N5S1,T,N,N5,19,4,37.75,149.2,0.0117,oant
20160413-gel2,20160413-gel2-02,19N5S1,225-19N5S1,T,N,N5,19,5,35.75,171.78,0.0235,oant
20160413-gel2,20160413-gel2-02,19N5S1,225-19N5S1,T,N,N5,19,6,32.63,306.69,0.0455,oant
20160413-gel2,20160413-gel2-02,19N5S1,225-19N5S1,T,N,N5,19,7,28.68,528.9,0.0919,oant
20160413-gel2,20160413-gel2-02,19N5S1,225-19N5S1,T,N,N5,19,8,26.99,154.66,0.0126,oant
20160413-gel2,20160413-gel2-02,19N5S1,225-19N5S1,T,N,N5,19,9,24.91,260.61,0.0297,oant
20160413-gel2,20160413-gel2-02,19N5S1,225-19N5S1,T,N,N5,19,10,23.38,394.31,0.0289,oant
20160413-gel2,20160413-gel2-02,19N5S1,225-19N5S1,T,N,N5,19,11,22.5,618.71,0.0809,oant
20160413-gel2,20160413-gel2-02,19N5S1,225-19N5S1,T,N,N5,19,12,18.56,1577.5,0.1954,lpdaC
20160413-gel2,20160413-gel2-02,19N5S1,225-19N5S1,T,N,N5,19,13,17.43,625.04,0.076,lpda
20160413-gel2,20160413-gel2-02,19N5S1,225-19N5S1,T,N,N5,19,14,13.43,89.09,0.0095,lpda
20160413-gel2,20160413-gel2-03,19N3S2,226-19N3S2,T,N,N3,19,1,44.83,128.45,0.1873,oant
20160413-gel2,20160413-gel2-03,19N3S2,226-19N3S2,T,N,N3,19,2,41.25,139.53,0.2037,oant
20160413-gel2,20160413-gel2-03,19N3S2,226-19N3S2,T,N,N3,19,3,28.68,121.99,0.2145,oant
20160413-gel2,20160413-gel2-03,19N3S2,226-19N3S2,T,N,N3,19,4,26.91,36.13,0.0439,oant
20160413-gel2,20160413-gel2-03,19N3S2,226-19N3S2,T,N,N3,19,5,18.8,31.15,0.0523,lpdaC
20160413-gel2,20160413-gel2-03,19N3S2,226-19N3S2,T,N,N3,19,6,17.36,47.41,0.0816,lpda
20160413-gel2,20160413-gel2-03,19N3S2,226-19N3S2,T,N,N3,19,7,12.64,46.81,0.2167,lpda
20160413-gel2,20160413-gel2-04,19N3S5,227-19N3S5,T,N,N3,19,1,62.16,264.73,0.1997,oant
20160413-gel2,20160413-gel2-04,19N3S5,227-19N3S5,T,N,N3,19,2,57.75,294.79,0.2117,oant
20160413-gel2,20160413-gel2-04,19N3S5,227-19N3S5,T,N,N3,19,3,53.34,209.85,0.1351,oant
20160413-gel2,20160413-gel2-04,19N3S5,227-19N3S5,T,N,N3,19,4,49.56,155.19,0.1002,oant
20160413-gel2,20160413-gel2-04,19N3S5,227-19N3S5,T,N,N3,19,5,45.46,96.4,0.0656,oant
20160413-gel2,20160413-gel2-04,19N3S5,227-19N3S5,T,N,N3,19,6,28.92,72.36,0.0335,oant
20160413-gel2,20160413-gel2-04,19N3S5,227-19N3S5,T,N,N3,19,7,27.23,26.45,0.0133,oant
20160413-gel2,20160413-gel2-04,19N3S5,227-19N3S5,T,N,N3,19,8,23.46,85.95,0.1515,oant
20160413-gel2,20160413-gel2-04,19N3S5,227-19N3S5,T,N,N3,19,9,19.04,17.35,0.0136,lpdaC
20160413-gel2,20160413-gel2-04,19N3S5,227-19N3S5,T,N,N3,19,10,17.5,70.58,0.057,lpda
20160413-gel2,20160413-gel2-04,19N3S5,227-19N3S5,T,N,N3,19,11,13.5,26.84,0.0187,lpda
20160413-gel2,20160413-gel2-05,01N5S2,228-01N5S2,C,N,N5,1,1,29,43.44,0.1902,oant
20160413-gel2,20160413-gel2-05,01N5S2,228-01N5S2,C,N,N5,1,2,19.36,151.58,0.4885,lpdaC
20160413-gel2,20160413-gel2-05,01N5S2,228-01N5S2,C,N,N5,1,3,13.57,46.41,0.1638,lpda
20160413-gel2,20160413-gel2-05,01N5S2,228-01N5S2,C,N,N5,1,4,11.43,35.44,0.1575,lpda
20160413-gel2,20160413-gel2-06,19P4S3,229-19P4S3,T,P,P4,19,1,78.22,288.26,0.0309,oant
20160413-gel2,20160413-gel2-06,19P4S3,229-19P4S3,T,P,P4,19,2,49.87,1207.25,0.1054,oant
20160413-gel2,20160413-gel2-06,19P4S3,229-19P4S3,T,P,P4,19,3,46.41,3720.4,0.2888,oant
20160413-gel2,20160413-gel2-06,19P4S3,229-19P4S3,T,P,P4,19,4,41.88,3872.23,0.3062,oant
20160413-gel2,20160413-gel2-06,19P4S3,229-19P4S3,T,P,P4,19,5,39.25,336.59,0.0302,oant
20160413-gel2,20160413-gel2-06,19P4S3,229-19P4S3,T,P,P4,19,6,37.75,271.66,0.0228,oant
20160413-gel2,20160413-gel2-06,19P4S3,229-19P4S3,T,P,P4,19,7,35,268.95,0.0212,oant
20160413-gel2,20160413-gel2-06,19P4S3,229-19P4S3,T,P,P4,19,8,31.88,226,0.0226,oant
20160413-gel2,20160413-gel2-06,19P4S3,229-19P4S3,T,P,P4,19,9,29.75,425.68,0.0359,oant
20160413-gel2,20160413-gel2-06,19P4S3,229-19P4S3,T,P,P4,19,10,27.8,476.04,0.0523,oant
20160413-gel2,20160413-gel2-06,19P4S3,229-19P4S3,T,P,P4,19,11,25.55,520.86,0.067,oant
20160413-gel2,20160413-gel2-06,19P4S3,229-19P4S3,T,P,P4,19,12,23.22,151.6,0.0117,oant
20160413-gel2,20160413-gel2-06,19P4S3,229-19P4S3,T,P,P4,19,13,19.12,1.6311,NA,lpdaC
20160413-gel2,20160413-gel2-06,19P4S3,229-19P4S3,T,P,P4,19,14,13.64,34.79,0.0045,lpda
20160413-gel2,20160413-gel2-06,19P4S3,229-19P4S3,T,P,P4,19,15,10.14,24,7.00E-04,lpda
20160413-gel2,20160413-gel2-07,05N2S4,230-05N2S4,T,N,N2,5,1,68.46,325.84,0.0519,oant
20160413-gel2,20160413-gel2-07,05N2S4,230-05N2S4,T,N,N2,5,2,65.31,502.57,0.0582,oant
20160413-gel2,20160413-gel2-07,05N2S4,230-05N2S4,T,N,N2,5,3,62.16,631.29,0.062,oant
20160413-gel2,20160413-gel2-07,05N2S4,230-05N2S4,T,N,N2,5,4,59.01,513.01,0.0383,oant
20160413-gel2,20160413-gel2-07,05N2S4,230-05N2S4,T,N,N2,5,5,55.23,313.68,0.035,oant
20160413-gel2,20160413-gel2-07,05N2S4,230-05N2S4,T,N,N2,5,6,51.45,229.35,0.0276,oant
20160413-gel2,20160413-gel2-07,05N2S4,230-05N2S4,T,N,N2,5,7,46.72,334.93,0.0449,oant
20160413-gel2,20160413-gel2-07,05N2S4,230-05N2S4,T,N,N2,5,8,41.88,262.49,0.0341,oant
20160413-gel2,20160413-gel2-07,05N2S4,230-05N2S4,T,N,N2,5,9,35.63,219.11,0.0684,oant
20160413-gel2,20160413-gel2-07,05N2S4,230-05N2S4,T,N,N2,5,10,32.38,176.39,0.0222,oant
20160413-gel2,20160413-gel2-07,05N2S4,230-05N2S4,T,N,N2,5,11,29.5,170.75,0.0214,oant
20160413-gel2,20160413-gel2-07,05N2S4,230-05N2S4,T,N,N2,5,12,27.8,133.23,0.0148,oant
20160413-gel2,20160413-gel2-07,05N2S4,230-05N2S4,T,N,N2,5,13,26.19,134.67,0.0178,oant
20160413-gel2,20160413-gel2-07,05N2S4,230-05N2S4,T,N,N2,5,14,24.42,235.07,0.0242,oant
20160413-gel2,20160413-gel2-07,05N2S4,230-05N2S4,T,N,N2,5,15,22.9,446.54,0.0452,oant
20160413-gel2,20160413-gel2-07,05N2S4,230-05N2S4,T,N,N2,5,16,21.93,777.21,0.1135,oant
20160413-gel2,20160413-gel2-07,05N2S4,230-05N2S4,T,N,N2,5,17,19.2,632.27,0.0788,lpdaC
20160413-gel2,20160413-gel2-07,05N2S4,230-05N2S4,T,N,N2,5,18,18.16,379.91,0.0434,lpda
20160413-gel2,20160413-gel2-07,05N2S4,230-05N2S4,T,N,N2,5,19,16.86,1355.41,0.1749,lpda
20160413-gel2,20160413-gel2-07,05N2S4,230-05N2S4,T,N,N2,5,20,15.57,308.91,0.0234,lpda
20160413-gel2,20160413-gel2-08,8101-A,231-8101-A,A,A,A,0,1,28.92,30.12,0.0878,oant
20160413-gel2,20160413-gel2-08,8101-A,231-8101-A,A,A,A,0,2,17.64,437.11,0.5991,lpdaC
20160413-gel2,20160413-gel2-08,8101-A,231-8101-A,A,A,A,0,3,16.29,196.6,0.3131,lpda
20160413-gel2,20160413-gel2-09,7803R8,232-7803R8,A,A,A,0,1,71.92,777.26,0.0861,oant
20160413-gel2,20160413-gel2-09,7803R8,232-7803R8,A,A,A,0,2,69.4,1490.03,0.0297,oant
20160413-gel2,20160413-gel2-09,7803R8,232-7803R8,A,A,A,0,3,66.25,2304.99,0.1646,oant
20160413-gel2,20160413-gel2-09,7803R8,232-7803R8,A,A,A,0,4,62.47,2190.15,0.2203,oant
20160413-gel2,20160413-gel2-09,7803R8,232-7803R8,A,A,A,0,5,59.32,1841.11,0.0599,oant
20160413-gel2,20160413-gel2-09,7803R8,232-7803R8,A,A,A,0,6,56.17,1443.08,0.1188,oant
20160413-gel2,20160413-gel2-09,7803R8,232-7803R8,A,A,A,0,7,51.76,794.42,0.0611,oant
20160413-gel2,20160413-gel2-09,7803R8,232-7803R8,A,A,A,0,8,47.04,303.87,0.0294,oant
20160413-gel2,20160413-gel2-09,7803R8,232-7803R8,A,A,A,0,9,42.63,173.22,0.015,oant
20160413-gel2,20160413-gel2-09,7803R8,232-7803R8,A,A,A,0,10,40.13,125.85,0.0109,oant
20160413-gel2,20160413-gel2-09,7803R8,232-7803R8,A,A,A,0,11,35.38,66.51,0.005,oant
20160413-gel2,20160413-gel2-09,7803R8,232-7803R8,A,A,A,0,12,32.5,67.73,0.0068,oant
20160413-gel2,20160413-gel2-09,7803R8,232-7803R8,A,A,A,0,13,29.88,190.75,0.0215,oant
20160413-gel2,20160413-gel2-09,7803R8,232-7803R8,A,A,A,0,14,27.55,165.16,0.0178,oant
20160413-gel2,20160413-gel2-09,7803R8,232-7803R8,A,A,A,0,15,25.95,585.09,0.0504,oant
20160413-gel2,20160413-gel2-09,7803R8,232-7803R8,A,A,A,0,16,24.5,347.82,0.0493,oant
20160413-gel2,20160413-gel2-09,7803R8,232-7803R8,A,A,A,0,17,23.46,480.07,0.0315,oant
20160413-gel2,20160413-gel2-09,7803R8,232-7803R8,A,A,A,0,18,19.36,230.98,0.0219,lpdaC
20160413-gel3,20160413-gel3-02,7803R8R21,233-7803R8R21,A,A,A,0,1,64.76,658.52,0.1854,oant
20160413-gel3,20160413-gel3-02,7803R8R21,233-7803R8R21,A,A,A,0,2,62.16,1085.24,0.1907,oant
20160413-gel3,20160413-gel3-02,7803R8R21,233-7803R8R21,A,A,A,0,3,59.24,1114.54,0.2042,oant
20160413-gel3,20160413-gel3-02,7803R8R21,233-7803R8R21,A,A,A,0,4,55.66,662.03,0.1619,oant
20160413-gel3,20160413-gel3-02,7803R8R21,233-7803R8R21,A,A,A,0,5,51.43,227.69,0.0928,oant
20160413-gel3,20160413-gel3-02,7803R8R21,233-7803R8R21,A,A,A,0,6,48.18,162.58,0.0287,oant
20160413-gel3,20160413-gel3-02,7803R8R21,233-7803R8R21,A,A,A,0,7,28.64,121.57,0.0222,oant
20160413-gel3,20160413-gel3-02,7803R8R21,233-7803R8R21,A,A,A,0,8,24.85,34.35,0.0172,oant
20160413-gel3,20160413-gel3-02,7803R8R21,233-7803R8R21,A,A,A,0,9,24.13,NA,NA,oant
20160413-gel3,20160413-gel3-02,7803R8R21,233-7803R8R21,A,A,A,0,10,23.05,88.43,0.0192,oant
20160413-gel3,20160413-gel3-02,7803R8R21,233-7803R8R21,A,A,A,0,11,18.54,5.6522,0.0016,lpdaC
20160413-gel3,20160413-gel3-02,7803R8R21,233-7803R8R21,A,A,A,0,12,11.71,88.91,0.0768,lpda
20160413-gel3,20160413-gel3-03,01P2S4,234-01P2S4,C,P,P2,1,1,44.6,46.45,0.0401,oant
20160413-gel3,20160413-gel3-03,01P2S4,234-01P2S4,C,P,P2,1,2,28.64,239.47,0.2209,oant
20160413-gel3,20160413-gel3-03,01P2S4,234-01P2S4,C,P,P2,1,3,19.08,954.61,0.5492,lpdaC
20160413-gel3,20160413-gel3-03,01P2S4,234-01P2S4,C,P,P2,1,4,13.1,174.54,0.1898,lpda
20160413-gel3,20160413-gel3-04,01N2S1,235-01N2S1,C,N,N2,1,1,28.82,16.77,0.0329,oant
20160413-gel3,20160413-gel3-04,01N2S1,235-01N2S1,C,N,N2,1,2,19.26,723.29,0.6032,lpdaC
20160413-gel3,20160413-gel3-04,01N2S1,235-01N2S1,C,N,N2,1,3,13.92,77.78,0.0822,lpda
20160413-gel3,20160413-gel3-04,01N2S1,235-01N2S1,C,N,N2,1,4,11.88,125.53,0.2818,lpda
20160413-gel3,20160413-gel3-05,01N3S3,236-01N3S3,C,N,N3,1,1,29,194.08,0.1174,oant
20160413-gel3,20160413-gel3-05,01N3S3,236-01N3S3,C,N,N3,1,2,19.17,629.72,0.5904,lpdaC
20160413-gel3,20160413-gel3-05,01N3S3,236-01N3S3,C,N,N3,1,3,13.51,202.16,0.2223,lpda
20160413-gel3,20160413-gel3-05,01N3S3,236-01N3S3,C,N,N3,1,4,11.22,85.75,0.07,lpda
20160413-gel3,20160413-gel3-06,19P5S5,237-19P5S5,T,P,P5,19,1,23.14,133.31,0.1558,oant
20160413-gel3,20160413-gel3-06,19P5S5,237-19P5S5,T,P,P5,19,2,19.26,620.03,0.6854,lpdaC
20160413-gel3,20160413-gel3-06,19P5S5,237-19P5S5,T,P,P5,19,3,11.31,90.57,0.1587,lpda
20160413-gel3,20160413-gel3-07,19N1S5,238-19N1S5,C,N,N1,19,1,73.87,103.03,0.1065,oant
20160413-gel3,20160413-gel3-07,19N1S5,238-19N1S5,C,N,N1,19,2,29,252.43,0.1587,oant
20160413-gel3,20160413-gel3-07,19N1S5,238-19N1S5,C,N,N1,19,3,19.26,486.23,0.3418,lpdaC
20160413-gel3,20160413-gel3-07,19N1S5,238-19N1S5,C,N,N1,19,4,17.67,113.57,0.0706,lpda
20160413-gel3,20160413-gel3-07,19N1S5,238-19N1S5,C,N,N1,19,5,13.59,204.96,0.2516,lpda
20160413-gel3,20160413-gel3-07,19N1S5,238-19N1S5,C,N,N1,19,6,11.39,76.48,0.0708,lpda
20160413-gel3,20160413-gel3-08,01N3S4,239-01N3S4,C,N,N3,1,1,83.3,62.32,0.0605,oant
20160413-gel3,20160413-gel3-08,01N3S4,239-01N3S4,C,N,N3,1,2,67.69,75.05,0.064,oant
20160413-gel3,20160413-gel3-08,01N3S4,239-01N3S4,C,N,N3,1,3,43.95,75.88,0.0716,oant
20160413-gel3,20160413-gel3-08,01N3S4,239-01N3S4,C,N,N3,1,4,29,165.16,0.1115,oant
20160413-gel3,20160413-gel3-08,01N3S4,239-01N3S4,C,N,N3,1,5,27.29,17.98,0.0109,oant
20160413-gel3,20160413-gel3-08,01N3S4,239-01N3S4,C,N,N3,1,6,19.17,485.74,0.3334,lpdaC
20160413-gel3,20160413-gel3-08,01N3S4,239-01N3S4,C,N,N3,1,7,13.51,202.34,0.2859,lpda
20160413-gel3,20160413-gel3-08,01N3S4,239-01N3S4,C,N,N3,1,8,11.14,89.03,0.0622,lpda
20160413-gel3,20160413-gel3-09,01P2S1,240-01P2S1,C,P,P2,1,1,79.07,53.09,0.0488,oant
20160413-gel3,20160413-gel3-09,01P2S1,240-01P2S1,C,P,P2,1,2,29,244.81,0.1691,oant
20160413-gel3,20160413-gel3-09,01P2S1,240-01P2S1,C,P,P2,1,3,18.99,843.91,0.537,lpdaC
20160413-gel3,20160413-gel3-09,01P2S1,240-01P2S1,C,P,P2,1,4,13.18,178.2,0.1935,lpda
20160413-gel3,20160413-gel3-09,01P2S1,240-01P2S1,C,P,P2,1,5,10.73,73.89,0.0515,lpda
20160413-gel4,20160413-gel4-04,19N5S2,243-19N5S2,T,N,N5,19,1,43.03,436.32,0.4541,oant
20160413-gel4,20160413-gel4-04,19N5S2,243-19N5S2,T,N,N5,19,2,40.77,535.69,0.5459,oant
20160413-gel4,20160413-gel4-05,19P5S3,244-19P5S3,T,P,P5,19,1,45.42,199.33,0.411,oant
20160413-gel4,20160413-gel4-05,19P5S3,244-19P5S3,T,P,P5,19,2,41.73,197.54,0.363,oant
20160413-gel4,20160413-gel4-05,19P5S3,244-19P5S3,T,P,P5,19,3,29,29.73,0.047,oant
20160413-gel4,20160413-gel4-05,19P5S3,244-19P5S3,T,P,P5,19,4,27.96,22.74,0.0328,oant
20160413-gel4,20160413-gel4-05,19P5S3,244-19P5S3,T,P,P5,19,5,23.72,26.87,0.0574,oant
20160413-gel4,20160413-gel4-05,19P5S3,244-19P5S3,T,P,P5,19,6,19.13,36.5,0.0886,lpdaC
20160413-gel4,20160413-gel4-06,19N3S4,245-19N3S4,T,N,N3,19,1,47.47,169.7,0.0885,oant
20160413-gel4,20160413-gel4-06,19N3S4,245-19N3S4,T,N,N3,19,2,43.37,769.11,0.3024,oant
20160413-gel4,20160413-gel4-06,19N3S4,245-19N3S4,T,N,N3,19,3,40.49,900.28,0.3492,oant
20160413-gel4,20160413-gel4-06,19N3S4,245-19N3S4,T,N,N3,19,4,28.83,60.71,0.0263,oant
20160413-gel4,20160413-gel4-06,19N3S4,245-19N3S4,T,N,N3,19,5,27.53,65.45,0.0277,oant
20160413-gel4,20160413-gel4-06,19N3S4,245-19N3S4,T,N,N3,19,6,25.19,113.15,0.0611,oant
20160413-gel4,20160413-gel4-06,19N3S4,245-19N3S4,T,N,N3,19,7,23.11,141.23,0.094,oant
20160413-gel4,20160413-gel4-06,19N3S4,245-19N3S4,T,N,N3,19,8,19.3,79.44,0.0332,lpdaC
20160413-gel4,20160413-gel4-06,19N3S4,245-19N3S4,T,N,N3,19,9,13.44,22.42,0.0175,lpda
20160413-gel4,20160413-gel4-07,19N1S2,246-19N1S2,C,N,N1,19,1,39.67,58.37,0.0371,oant
20160413-gel4,20160413-gel4-07,19N1S2,246-19N1S2,C,N,N1,19,2,37.48,383.2,0.3077,oant
20160413-gel4,20160413-gel4-07,19N1S2,246-19N1S2,C,N,N1,19,3,35.29,318.25,0.2364,oant
20160413-gel4,20160413-gel4-07,19N1S2,246-19N1S2,C,N,N1,19,4,28.74,100.26,0.0952,oant
20160413-gel4,20160413-gel4-07,19N1S2,246-19N1S2,C,N,N1,19,5,27.44,29.79,0.0242,oant
20160413-gel4,20160413-gel4-07,19N1S2,246-19N1S2,C,N,N1,19,6,19.13,307.1,0.2815,lpdaC
20160413-gel4,20160413-gel4-07,19N1S2,246-19N1S2,C,N,N1,19,7,9.68,9.7614,0.0067,lpda
20160413-gel4,20160413-gel4-07,19N1S2,246-19N1S2,C,N,N1,19,8,8.08,15.44,0.0113,lpda
20160413-gel4,20160413-gel4-08,05P4S1,247-05P4S1,T,P,P4,5,1,28.48,116.15,0.2012,oant
20160413-gel4,20160413-gel4-08,05P4S1,247-05P4S1,T,P,P4,5,2,27.44,56.19,0.085,oant
20160413-gel4,20160413-gel4-08,05P4S1,247-05P4S1,T,P,P4,5,3,18.78,177.3,0.3326,lpdaC
20160413-gel4,20160413-gel4-08,05P4S1,247-05P4S1,T,P,P4,5,4,13.04,92.73,0.2269,lpda
20160413-gel4,20160413-gel4-08,05P4S1,247-05P4S1,T,P,P4,5,5,10.4,57,0.1543,lpda
20160413-gel4,20160413-gel4-09,19P4S5,248-19P4S5,T,P,P4,19,1,42.68,171.26,0.1462,oant
20160413-gel4,20160413-gel4-09,19P4S5,248-19P4S5,T,P,P4,19,2,40.49,125.41,0.0959,oant
20160413-gel4,20160413-gel4-09,19P4S5,248-19P4S5,T,P,P4,19,3,28.22,136.56,0.1302,oant
20160413-gel4,20160413-gel4-09,19P4S5,248-19P4S5,T,P,P4,19,4,22.59,55.14,0.067,oant
20160413-gel4,20160413-gel4-09,19P4S5,248-19P4S5,T,P,P4,19,5,18.35,387.42,0.3819,lpdaC
20160413-gel4,20160413-gel4-09,19P4S5,248-19P4S5,T,P,P4,19,6,17.2,111.14,0.0696,lpda
20160413-gel4,20160413-gel4-09,19P4S5,248-19P4S5,T,P,P4,19,7,12.4,63.62,0.1051,lpda
20160413-gel4,20160413-gel4-09,19P4S5,248-19P4S5,T,P,P4,19,8,6.88,5.4065,0.0041,lpda
20160420-gel1,20160420-gel1-03,01P5S5,250-01P5S5,C,P,P5,1,1,94.35,87.94,0.0121,oant
20160420-gel1,20160420-gel1-03,01P5S5,250-01P5S5,C,P,P5,1,2,67.19,142.64,0.0225,oant
20160420-gel1,20160420-gel1-03,01P5S5,250-01P5S5,C,P,P5,1,3,52.37,303.93,0.0289,oant
20160420-gel1,20160420-gel1-03,01P5S5,250-01P5S5,C,P,P5,1,4,43.98,767.92,0.1167,oant
20160420-gel1,20160420-gel1-03,01P5S5,250-01P5S5,C,P,P5,1,5,40.51,522.57,0.0777,oant
20160420-gel1,20160420-gel1-03,01P5S5,250-01P5S5,C,P,P5,1,6,35.23,170.45,0.0299,oant
20160420-gel1,20160420-gel1-03,01P5S5,250-01P5S5,C,P,P5,1,7,30.9,282.09,0.0576,oant
20160420-gel1,20160420-gel1-03,01P5S5,250-01P5S5,C,P,P5,1,8,27.33,1410.79,0.3207,oant
20160420-gel1,20160420-gel1-03,01P5S5,250-01P5S5,C,P,P5,1,9,24.06,201.08,0.032,oant
20160420-gel1,20160420-gel1-03,01P5S5,250-01P5S5,C,P,P5,1,10,22.04,356.19,0.0855,oant
20160420-gel1,20160420-gel1-03,01P5S5,250-01P5S5,C,P,P5,1,11,18.97,310.95,0.0366,lpdaC
20160420-gel1,20160420-gel1-03,01P5S5,250-01P5S5,C,P,P5,1,12,18.07,1585.24,0.1426,lpda
20160420-gel1,20160420-gel1-03,01P5S5,250-01P5S5,C,P,P5,1,13,17.22,339.71,0.0348,lpda
20160420-gel1,20160420-gel1-03,01P5S5,250-01P5S5,C,P,P5,1,14,13.82,NA,3.00E-04,lpda
20160420-gel1,20160420-gel1-03,01P5S5,250-01P5S5,C,P,P5,1,15,13.22,24.64,0.0021,lpda
20160420-gel1,20160420-gel1-04,19N1S4,202-19N1S4,C,N,N1,19,1,45.46,37.36,0.2272,oant
20160420-gel1,20160420-gel1-04,19N1S4,202-19N1S4,C,N,N1,19,2,41.05,28.64,0.1946,oant
20160420-gel1,20160420-gel1-04,19N1S4,202-19N1S4,C,N,N1,19,3,17.52,46.34,0.5254,lpdaC
20160420-gel1,20160420-gel1-04,19N1S4,202-19N1S4,C,N,N1,19,4,16.63,11.06,0.0527,lpda
20160420-gel1,20160420-gel1-05,19N1S4,242-19N1S4,C,N,N1,19,1,54.84,154.57,0.0333,oant
20160420-gel1,20160420-gel1-05,19N1S4,242-19N1S4,C,N,N1,19,2,46.94,688.3,0.2478,oant
20160420-gel1,20160420-gel1-05,19N1S4,242-19N1S4,C,N,N1,19,3,41.46,709.93,0.252,oant
20160420-gel1,20160420-gel1-05,19N1S4,242-19N1S4,C,N,N1,19,4,28.16,5.6667,0.0017,oant
20160420-gel1,20160420-gel1-05,19N1S4,242-19N1S4,C,N,N1,19,5,26.63,63.09,0.0188,oant
20160420-gel1,20160420-gel1-05,19N1S4,242-19N1S4,C,N,N1,19,6,24.75,157.23,0.0598,oant
20160420-gel1,20160420-gel1-05,19N1S4,242-19N1S4,C,N,N1,19,7,22.66,384.05,0.2137,oant
20160420-gel1,20160420-gel1-05,19N1S4,242-19N1S4,C,N,N1,19,8,19.11,131.64,0.0389,oant
20160420-gel1,20160420-gel1-05,19N1S4,242-19N1S4,C,N,N1,19,9,17.82,330.95,0.1279,lpdaC
20160420-gel1,20160420-gel1-05,19N1S4,242-19N1S4,C,N,N1,19,10,16.75,28.05,0.0061,lpda
20160420-gel1,20160420-gel1-06,19N2S5,251-19N2S5,T,N,N2,19,1,101.8,526.58,0.0566,oant
20160420-gel1,20160420-gel1-06,19N2S5,251-19N2S5,T,N,N2,19,2,92.37,67.4,0.0038,oant
20160420-gel1,20160420-gel1-06,19N2S5,251-19N2S5,T,N,N2,19,3,75.58,360.4,0.0389,oant
20160420-gel1,20160420-gel1-06,19N2S5,251-19N2S5,T,N,N2,19,4,54.35,1184.09,0.0635,oant
20160420-gel1,20160420-gel1-06,19N2S5,251-19N2S5,T,N,N2,19,5,45.46,3085.5,0.1605,oant
20160420-gel1,20160420-gel1-06,19N2S5,251-19N2S5,T,N,N2,19,6,40.92,3339.67,0.1698,oant
20160420-gel1,20160420-gel1-06,19N2S5,251-19N2S5,T,N,N2,19,7,36.72,526.43,0.0216,oant
20160420-gel1,20160420-gel1-06,19N2S5,251-19N2S5,T,N,N2,19,8,33.6,384.89,0.0386,oant
20160420-gel1,20160420-gel1-06,19N2S5,251-19N2S5,T,N,N2,19,9,30.63,174.95,0.0089,oant
20160420-gel1,20160420-gel1-06,19N2S5,251-19N2S5,T,N,N2,19,10,28.3,226,0.0114,oant
20160420-gel1,20160420-gel1-06,19N2S5,251-19N2S5,T,N,N2,19,11,26.49,559.7,0.062,oant
20160420-gel1,20160420-gel1-06,19N2S5,251-19N2S5,T,N,N2,19,12,24.27,835.87,0.1102,oant
20160420-gel1,20160420-gel1-06,19N2S5,251-19N2S5,T,N,N2,19,13,22.39,1122.98,0.2001,oant
20160420-gel1,20160420-gel1-06,19N2S5,251-19N2S5,T,N,N2,19,14,19.32,NA,NA,oant
20160420-gel1,20160420-gel1-06,19N2S5,251-19N2S5,T,N,N2,19,15,17.76,406.55,0.0206,lpdaC
20160420-gel1,20160420-gel1-06,19N2S5,251-19N2S5,T,N,N2,19,16,17.04,571.49,0.028,lpda
20160420-gel1,20160420-gel1-06,19N2S5,251-19N2S5,T,N,N2,19,17,16.15,139.66,0.0066,lpda
20160420-gel1,20160420-gel1-07,19N3S2,226-19N3S2,T,N,N3,19,1,50.89,82.33,0.289,oant
20160420-gel1,20160420-gel1-07,19N3S2,226-19N3S2,T,N,N3,19,2,42.99,106.75,0.3839,oant
20160420-gel1,20160420-gel1-07,19N3S2,226-19N3S2,T,N,N3,19,3,22.66,33.8,0.327,oant
20160420-gel1,20160420-gel1-08,19N3S4,245-19N3S4,T,N,N3,19,1,106.7,130.52,0.0099,oant
20160420-gel1,20160420-gel1-08,19N3S4,245-19N3S4,T,N,N3,19,2,82,156.41,0.0225,oant
20160420-gel1,20160420-gel1-08,19N3S4,245-19N3S4,T,N,N3,19,3,58.3,715.09,0.0537,oant
20160420-gel1,20160420-gel1-08,19N3S4,245-19N3S4,T,N,N3,19,4,50.4,2794.65,0.1962,oant
20160420-gel1,20160420-gel1-08,19N3S4,245-19N3S4,T,N,N3,19,5,42.99,3348.93,0.2319,oant
20160420-gel1,20160420-gel1-08,19N3S4,245-19N3S4,T,N,N3,19,6,32.39,226.74,0.0247,oant
20160420-gel1,20160420-gel1-08,19N3S4,245-19N3S4,T,N,N3,19,7,28.58,451.58,0.0568,oant
20160420-gel1,20160420-gel1-08,19N3S4,245-19N3S4,T,N,N3,19,8,26.98,613.14,0.0895,oant
20160420-gel1,20160420-gel1-08,19N3S4,245-19N3S4,T,N,N3,19,9,24.89,734.69,0.1204,oant
20160420-gel1,20160420-gel1-08,19N3S4,245-19N3S4,T,N,N3,19,10,22.94,873.67,0.1607,oant
20160420-gel1,20160420-gel1-08,19N3S4,245-19N3S4,T,N,N3,19,11,19.25,373.78,0.0334,oant
20160420-gel1,20160420-gel1-08,19N3S4,245-19N3S4,T,N,N3,19,12,17.46,5.4816,3.00E-04,oant
20160420-gel1,20160420-gel1-09,19N3S5,227-19N3S5,T,N,N3,19,1,82.49,138.94,0.1718,oant
20160420-gel1,20160420-gel1-09,19N3S5,227-19N3S5,T,N,N3,19,2,76.57,159.37,0.1968,oant
20160420-gel1,20160420-gel1-09,19N3S5,227-19N3S5,T,N,N3,19,3,71.63,153.4,0.1733,oant
20160420-gel1,20160420-gel1-09,19N3S5,227-19N3S5,T,N,N3,19,4,65.7,118.83,0.135,oant
20160420-gel1,20160420-gel1-09,19N3S5,227-19N3S5,T,N,N3,19,5,58.3,84.88,0.0962,oant
20160420-gel1,20160420-gel1-09,19N3S5,227-19N3S5,T,N,N3,19,6,48.91,37.73,0.0459,oant
20160420-gel1,20160420-gel1-09,19N3S5,227-19N3S5,T,N,N3,19,7,42.49,16.37,0.0215,oant
20160420-gel1,20160420-gel1-09,19N3S5,227-19N3S5,T,N,N3,19,8,26.84,10.77,0.0125,oant
20160420-gel1,20160420-gel1-09,19N3S5,227-19N3S5,T,N,N3,19,9,22.59,68.81,0.1865,oant
20160420-gel1,20160420-gel1-09,19N3S5,227-19N3S5,T,N,N3,19,10,18.97,NA,NA,lpdaC
20160420-gel2,20160420-gel2-02,01N3S2,201-01N3S2,C,N,N3,1,1,18,167.43,0.6956,lpdaC
20160420-gel2,20160420-gel2-02,01N3S2,201-01N3S2,C,N,N3,1,2,16.74,75.27,0.3044,oant
20160420-gel2,20160420-gel2-03,01N3S2,258-01N3S2,C,N,N3,1,1,68.47,129.44,0.0202,oant
20160420-gel2,20160420-gel2-03,01N3S2,258-01N3S2,C,N,N3,1,2,46.71,360.95,0.0345,oant
20160420-gel2,20160420-gel2-03,01N3S2,258-01N3S2,C,N,N3,1,3,41.88,871.98,0.0616,oant
20160420-gel2,20160420-gel2-03,01N3S2,258-01N3S2,C,N,N3,1,4,40.04,591.96,0.0371,oant
20160420-gel2,20160420-gel2-03,01N3S2,258-01N3S2,C,N,N3,1,5,35.67,308.28,0.0286,oant
20160420-gel2,20160420-gel2-03,01N3S2,258-01N3S2,C,N,N3,1,6,32.11,296.16,0.0144,oant
20160420-gel2,20160420-gel2-03,01N3S2,258-01N3S2,C,N,N3,1,7,28.48,1828.24,0.1474,oant
20160420-gel2,20160420-gel2-03,01N3S2,258-01N3S2,C,N,N3,1,8,27.29,1915.21,0.1321,oant
20160420-gel2,20160420-gel2-03,01N3S2,258-01N3S2,C,N,N3,1,9,24.54,340.47,0.0334,oant
20160420-gel2,20160420-gel2-03,01N3S2,258-01N3S2,C,N,N3,1,10,22.24,522.36,0.0566,oant
20160420-gel2,20160420-gel2-03,01N3S2,258-01N3S2,C,N,N3,1,11,18.22,3231.65,0.2522,lpdaC
20160420-gel2,20160420-gel2-03,01N3S2,258-01N3S2,C,N,N3,1,12,16.81,2159.81,0.1819,lpda
20160420-gel2,20160420-gel2-04,01N3S4,203-01N3S4,C,N,N3,1,1,18.74,169.9,1,lpdaC
20160420-gel2,20160420-gel2-05,01N3S4,239-01N3S4,C,N,N3,1,1,43.18,105.36,0.039,oant
20160420-gel2,20160420-gel2-05,01N3S4,239-01N3S4,C,N,N3,1,2,40.62,101.38,0.042,oant
20160420-gel2,20160420-gel2-05,01N3S4,239-01N3S4,C,N,N3,1,3,38.09,33.92,0.0104,oant
20160420-gel2,20160420-gel2-05,01N3S4,239-01N3S4,C,N,N3,1,4,28.85,296.53,0.1354,oant
20160420-gel2,20160420-gel2-05,01N3S4,239-01N3S4,C,N,N3,1,5,18.82,1688.81,0.6404,lpdaC
20160420-gel2,20160420-gel2-05,01N3S4,239-01N3S4,C,N,N3,1,6,17.55,158.6,0.1328,lpda
20160420-gel2,20160420-gel2-06,01P2S1,208-01P2S1,C,P,P2,1,1,18.97,159.32,1,lpdaC
20160420-gel2,20160420-gel2-07,01P2S1,240-01P2S1,C,P,P2,1,1,48.18,98.62,0.0149,oant
20160420-gel2,20160420-gel2-07,01P2S1,240-01P2S1,C,P,P2,1,2,43.76,278.88,0.0651,oant
20160420-gel2,20160420-gel2-07,01P2S1,240-01P2S1,C,P,P2,1,3,40.96,149.14,0.0322,oant
20160420-gel2,20160420-gel2-07,01P2S1,240-01P2S1,C,P,P2,1,4,38.32,27.6,0.004,oant
20160420-gel2,20160420-gel2-07,01P2S1,240-01P2S1,C,P,P2,1,5,32.68,34.98,0.0069,oant
20160420-gel2,20160420-gel2-07,01P2S1,240-01P2S1,C,P,P2,1,6,28.85,532.1,0.1765,oant
20160420-gel2,20160420-gel2-07,01P2S1,240-01P2S1,C,P,P2,1,7,24.99,68.92,0.0168,oant
20160420-gel2,20160420-gel2-07,01P2S1,240-01P2S1,C,P,P2,1,8,22.68,172.59,0.0485,oant
20160420-gel2,20160420-gel2-07,01P2S1,240-01P2S1,C,P,P2,1,9,18.67,2146.72,0.5121,lpdaC
20160420-gel2,20160420-gel2-07,01P2S1,240-01P2S1,C,P,P2,1,10,17.33,307.43,0.123,lpda
20160420-gel2,20160420-gel2-08,01P2S4,234-01P2S4,C,P,P2,1,1,48.47,246.28,0.03,oant
20160420-gel2,20160420-gel2-08,01P2S4,234-01P2S4,C,P,P2,1,2,44.06,755.89,0.113,oant
20160420-gel2,20160420-gel2-08,01P2S4,234-01P2S4,C,P,P2,1,3,41.08,487.5,0.0712,oant
20160420-gel2,20160420-gel2-08,01P2S4,234-01P2S4,C,P,P2,1,4,28.85,1033.53,0.2106,oant
20160420-gel2,20160420-gel2-08,01P2S4,234-01P2S4,C,P,P2,1,5,22.46,43.28,0.0044,oant
20160420-gel2,20160420-gel2-08,01P2S4,234-01P2S4,C,P,P2,1,6,19.49,364.33,0.0431,oant
20160420-gel2,20160420-gel2-08,01P2S4,234-01P2S4,C,P,P2,1,7,18.52,2648.92,0.4684,lpdaC
20160420-gel2,20160420-gel2-08,01P2S4,234-01P2S4,C,P,P2,1,8,17.26,344.61,0.0595,lpda
20160420-gel2,20160420-gel2-09,01P4S4,252-01P4S4,C,P,P4,1,1,46.71,48.9,0.0035,oant
20160420-gel2,20160420-gel2-09,01P4S4,252-01P4S4,C,P,P4,1,2,43.47,141.54,0.0129,oant
20160420-gel2,20160420-gel2-09,01P4S4,252-01P4S4,C,P,P4,1,3,40.73,162.47,0.0143,oant
20160420-gel2,20160420-gel2-09,01P4S4,252-01P4S4,C,P,P4,1,4,28.41,1029.85,0.2795,oant
20160420-gel2,20160420-gel2-09,01P4S4,252-01P4S4,C,P,P4,1,5,24.69,122.76,0.0149,oant
20160420-gel2,20160420-gel2-09,01P4S4,252-01P4S4,C,P,P4,1,6,22.24,140.67,0.0184,oant
20160420-gel2,20160420-gel2-09,01P4S4,252-01P4S4,C,P,P4,1,7,18.22,2898.81,0.4495,lpdaC
20160420-gel2,20160420-gel2-09,01P4S4,252-01P4S4,C,P,P4,1,8,16.96,1424.79,0.207,lpda
20160420-gel3,20160420-gel3-02,19P2S1,257-19P2S1,T,P,P2,19,1,95.48,70.81,0.0179,oant
20160420-gel3,20160420-gel3-02,19P2S1,257-19P2S1,T,P,P2,19,2,91.44,92.07,0.024,oant
20160420-gel3,20160420-gel3-02,19P2S1,257-19P2S1,T,P,P2,19,3,87.39,149.33,0.0372,oant
20160420-gel3,20160420-gel3-02,19P2S1,257-19P2S1,T,P,P2,19,4,82.45,206.65,0.0528,oant
20160420-gel3,20160420-gel3-02,19P2S1,257-19P2S1,T,P,P2,19,5,77.96,256.94,0.064,oant
20160420-gel3,20160420-gel3-02,19P2S1,257-19P2S1,T,P,P2,19,6,72.56,232.29,0.0556,oant
20160420-gel3,20160420-gel3-02,19P2S1,257-19P2S1,T,P,P2,19,7,66.72,167.67,0.0402,oant
20160420-gel3,20160420-gel3-02,19P2S1,257-19P2S1,T,P,P2,19,8,60.43,98.07,0.0249,oant
20160420-gel3,20160420-gel3-02,19P2S1,257-19P2S1,T,P,P2,19,9,54.13,62.48,0.0159,oant
20160420-gel3,20160420-gel3-02,19P2S1,257-19P2S1,T,P,P2,19,10,47.39,45.91,0.0118,oant
20160420-gel3,20160420-gel3-02,19P2S1,257-19P2S1,T,P,P2,19,11,41.34,46.41,0.0124,oant
20160420-gel3,20160420-gel3-02,19P2S1,257-19P2S1,T,P,P2,19,12,38.98,32.93,0.0088,oant
20160420-gel3,20160420-gel3-02,19P2S1,257-19P2S1,T,P,P2,19,13,33.6,34.12,0.016,oant
20160420-gel3,20160420-gel3-02,19P2S1,257-19P2S1,T,P,P2,19,14,29,43.13,0.0192,oant
20160420-gel3,20160420-gel3-02,19P2S1,257-19P2S1,T,P,P2,19,15,26.75,195.17,0.0847,oant
20160420-gel3,20160420-gel3-02,19P2S1,257-19P2S1,T,P,P2,19,16,25.94,122.55,0.0435,oant
20160420-gel3,20160420-gel3-02,19P2S1,257-19P2S1,T,P,P2,19,17,23.38,125.74,0.059,oant
20160420-gel3,20160420-gel3-02,19P2S1,257-19P2S1,T,P,P2,19,18,21.88,187.43,0.0499,oant
20160420-gel3,20160420-gel3-02,19P2S1,257-19P2S1,T,P,P2,19,19,21.13,231.78,0.0577,oant
20160420-gel3,20160420-gel3-02,19P2S1,257-19P2S1,T,P,P2,19,20,17.77,464.35,0.2122,lpdaC
20160420-gel3,20160420-gel3-02,19P2S1,257-19P2S1,T,P,P2,19,21,16.86,216.81,0.0923,lpda
20160420-gel3,20160420-gel3-03,19P2S4,205-19P2S4,T,P,P2,19,1,18.38,46.31,1,lpdaC
20160420-gel3,20160420-gel3-04,19P2S4,256-19P2S4,T,P,P2,19,1,100.4,115.3,0.012,oant
20160420-gel3,20160420-gel3-04,19P2S4,256-19P2S4,T,P,P2,19,2,95.48,200.35,0.0299,oant
20160420-gel3,20160420-gel3-04,19P2S4,256-19P2S4,T,P,P2,19,3,89.19,387.97,0.0485,oant
20160420-gel3,20160420-gel3-04,19P2S4,256-19P2S4,T,P,P2,19,4,84.25,528.02,0.0575,oant
20160420-gel3,20160420-gel3-04,19P2S4,256-19P2S4,T,P,P2,19,5,80.2,603.7,0.0774,oant
20160420-gel3,20160420-gel3-04,19P2S4,256-19P2S4,T,P,P2,19,6,74.81,567.95,0.0719,oant
20160420-gel3,20160420-gel3-04,19P2S4,256-19P2S4,T,P,P2,19,7,69.87,455,0.0557,oant
20160420-gel3,20160420-gel3-04,19P2S4,256-19P2S4,T,P,P2,19,8,63.57,300.62,0.0326,oant
20160420-gel3,20160420-gel3-04,19P2S4,256-19P2S4,T,P,P2,19,9,56.83,181.42,0.0244,oant
20160420-gel3,20160420-gel3-04,19P2S4,256-19P2S4,T,P,P2,19,10,50.54,123.04,0.0163,oant
20160420-gel3,20160420-gel3-04,19P2S4,256-19P2S4,T,P,P2,19,11,42.45,71.4,0.0102,oant
20160420-gel3,20160420-gel3-04,19P2S4,256-19P2S4,T,P,P2,19,12,39.51,87.14,0.0114,oant
20160420-gel3,20160420-gel3-04,19P2S4,256-19P2S4,T,P,P2,19,13,37.27,110.31,0.0191,oant
20160420-gel3,20160420-gel3-04,19P2S4,256-19P2S4,T,P,P2,19,14,33.73,110.36,0.0129,oant
20160420-gel3,20160420-gel3-04,19P2S4,256-19P2S4,T,P,P2,19,15,29.79,189.96,0.0336,oant
20160420-gel3,20160420-gel3-04,19P2S4,256-19P2S4,T,P,P2,19,16,26.94,499.25,0.1148,oant
20160420-gel3,20160420-gel3-04,19P2S4,256-19P2S4,T,P,P2,19,17,25.56,166.36,0.0126,oant
20160420-gel3,20160420-gel3-04,19P2S4,256-19P2S4,T,P,P2,19,18,24,312.03,0.0685,oant
20160420-gel3,20160420-gel3-04,19P2S4,256-19P2S4,T,P,P2,19,19,22.81,338.58,0.049,oant
20160420-gel3,20160420-gel3-04,19P2S4,256-19P2S4,T,P,P2,19,20,22,453.01,0.0881,oant
20160420-gel3,20160420-gel3-04,19P2S4,256-19P2S4,T,P,P2,19,21,18.5,673.47,0.143,lpdaC
20160420-gel3,20160420-gel3-04,19P2S4,256-19P2S4,T,P,P2,19,22,17.49,121.65,0.0097,lpda
20160420-gel3,20160420-gel3-04,19P2S4,256-19P2S4,T,P,P2,19,23,14.74,9.2727,8.00E-04,lpda
20160420-gel3,20160420-gel3-05,19P5S1,207-19P5S1,T,P,P5,19,1,19,20.44,1,lpdaC
20160420-gel3,20160420-gel3-06,19P5S1,255-19P5S1,T,P,P5,19,1,99.08,45.59,0.0076,oant
20160420-gel3,20160420-gel3-06,19P5S1,255-19P5S1,T,P,P5,19,2,92.34,96.48,0.0153,oant
20160420-gel3,20160420-gel3-06,19P5S1,255-19P5S1,T,P,P5,19,3,83.35,250.66,0.0484,oant
20160420-gel3,20160420-gel3-06,19P5S1,255-19P5S1,T,P,P5,19,4,77.51,333.43,0.0651,oant
20160420-gel3,20160420-gel3-06,19P5S1,255-19P5S1,T,P,P5,19,5,72.11,338.14,0.0811,oant
20160420-gel3,20160420-gel3-06,19P5S1,255-19P5S1,T,P,P5,19,6,66.27,299.91,0.065,oant
20160420-gel3,20160420-gel3-06,19P5S1,255-19P5S1,T,P,P5,19,7,59.98,264.73,0.0584,oant
20160420-gel3,20160420-gel3-06,19P5S1,255-19P5S1,T,P,P5,19,8,53.24,220.62,0.0509,oant
20160420-gel3,20160420-gel3-06,19P5S1,255-19P5S1,T,P,P5,19,9,46.04,168.56,0.037,oant
20160420-gel3,20160420-gel3-06,19P5S1,255-19P5S1,T,P,P5,19,10,40.95,81.57,0.018,oant
20160420-gel3,20160420-gel3-06,19P5S1,255-19P5S1,T,P,P5,19,11,38.19,50.81,0.0109,oant
20160420-gel3,20160420-gel3-06,19P5S1,255-19P5S1,T,P,P5,19,12,33.73,48.82,0.0157,oant
20160420-gel3,20160420-gel3-06,19P5S1,255-19P5S1,T,P,P5,19,13,30.84,82.12,0.0223,oant
20160420-gel3,20160420-gel3-06,19P5S1,255-19P5S1,T,P,P5,19,14,27.69,307.18,0.0972,oant
20160420-gel3,20160420-gel3-06,19P5S1,255-19P5S1,T,P,P5,19,15,26.25,100.54,0.0124,oant
20160420-gel3,20160420-gel3-06,19P5S1,255-19P5S1,T,P,P5,19,16,24.5,188.2,0.0561,oant
20160420-gel3,20160420-gel3-06,19P5S1,255-19P5S1,T,P,P5,19,17,23.19,252.44,0.0609,oant
20160420-gel3,20160420-gel3-06,19P5S1,255-19P5S1,T,P,P5,19,18,22.44,333.14,0.0954,oant
20160420-gel3,20160420-gel3-06,19P5S1,255-19P5S1,T,P,P5,19,19,18.94,590.45,0.1717,lpdaC
20160420-gel3,20160420-gel3-06,19P5S1,255-19P5S1,T,P,P5,19,20,17.83,85.52,0.0106,lpda
20160420-gel3,20160420-gel3-07,19P5S5,222-19P5S5,T,P,P5,19,1,18.94,18.32,1,lpdaC
20160420-gel3,20160420-gel3-08,19P5S5,237-19P5S5,T,P,P5,19,1,102.7,8.0048,0.0065,oant
20160420-gel3,20160420-gel3-08,19P5S5,237-19P5S5,T,P,P5,19,2,93.69,39.55,0.02,oant
20160420-gel3,20160420-gel3-08,19P5S5,237-19P5S5,T,P,P5,19,3,89.19,61.32,0.0206,oant
20160420-gel3,20160420-gel3-08,19P5S5,237-19P5S5,T,P,P5,19,4,85.15,98.02,0.0629,oant
20160420-gel3,20160420-gel3-08,19P5S5,237-19P5S5,T,P,P5,19,5,79.75,137.95,0.1001,oant
20160420-gel3,20160420-gel3-08,19P5S5,237-19P5S5,T,P,P5,19,6,73.91,138.95,0.0923,oant
20160420-gel3,20160420-gel3-08,19P5S5,237-19P5S5,T,P,P5,19,7,68.07,109.96,0.0768,oant
20160420-gel3,20160420-gel3-08,19P5S5,237-19P5S5,T,P,P5,19,8,61.78,89.04,0.0589,oant
20160420-gel3,20160420-gel3-08,19P5S5,237-19P5S5,T,P,P5,19,9,54.58,62.28,0.0417,oant
20160420-gel3,20160420-gel3-08,19P5S5,237-19P5S5,T,P,P5,19,10,47.39,40.51,0.0261,oant
20160420-gel3,20160420-gel3-08,19P5S5,237-19P5S5,T,P,P5,19,11,41.08,12.98,0.0067,oant
20160420-gel3,20160420-gel3-08,19P5S5,237-19P5S5,T,P,P5,19,12,27.94,49.15,0.0355,oant
20160420-gel3,20160420-gel3-08,19P5S5,237-19P5S5,T,P,P5,19,13,26.31,21.13,0.0122,oant
20160420-gel3,20160420-gel3-08,19P5S5,237-19P5S5,T,P,P5,19,14,24.44,58.26,0.0396,oant
20160420-gel3,20160420-gel3-08,19P5S5,237-19P5S5,T,P,P5,19,15,23,96.13,0.0266,oant
20160420-gel3,20160420-gel3-08,19P5S5,237-19P5S5,T,P,P5,19,16,22.38,160.51,0.1422,oant
20160420-gel3,20160420-gel3-08,19P5S5,237-19P5S5,T,P,P5,19,17,18.88,298.62,0.2219,lpdaC
20160420-gel3,20160420-gel3-08,19P5S5,237-19P5S5,T,P,P5,19,18,17.83,26.26,0.0097,lpda
20160420-gel3,20160420-gel3-09,01P2S2,249-01P2S2,C,P,P2,1,1,54.58,121.44,0.0453,oant
20160420-gel3,20160420-gel3-09,01P2S2,249-01P2S2,C,P,P2,1,2,47.39,271.26,0.0842,oant
20160420-gel3,20160420-gel3-09,01P2S2,249-01P2S2,C,P,P2,1,3,41.21,225.19,0.0742,oant
20160420-gel3,20160420-gel3-09,01P2S2,249-01P2S2,C,P,P2,1,4,38.32,68.32,0.0142,oant
20160420-gel3,20160420-gel3-09,01P2S2,249-01P2S2,C,P,P2,1,5,34.91,136.66,0.0524,oant
20160420-gel3,20160420-gel3-09,01P2S2,249-01P2S2,C,P,P2,1,6,30.97,80.2,0.0246,oant
20160420-gel3,20160420-gel3-09,01P2S2,249-01P2S2,C,P,P2,1,7,27.19,666.47,0.3803,oant
20160420-gel3,20160420-gel3-09,01P2S2,249-01P2S2,C,P,P2,1,8,24.25,156.89,0.0553,oant
20160420-gel3,20160420-gel3-09,01P2S2,249-01P2S2,C,P,P2,1,9,22.25,201.53,0.1023,oant
20160420-gel3,20160420-gel3-09,01P2S2,249-01P2S2,C,P,P2,1,10,18.38,708.73,0.1284,lpdaC
20160420-gel3,20160420-gel3-09,01P2S2,249-01P2S2,C,P,P2,1,11,17.49,182.5,0.0326,lpda
20160420-gel3,20160420-gel3-09,01P2S2,249-01P2S2,C,P,P2,1,12,14.63,24.07,0.0061,lpda
20160425-gel1,20160425-gel1-02,8101-A,231-8101-A,A,A,A,0,1,15.85,301.56,0.5636,oant
20160425-gel1,20160425-gel1-02,8101-A,231-8101-A,A,A,A,0,2,14.74,84.72,0.4364,oant
20160425-gel1,20160425-gel1-03,7803R8,232-7803R8,A,A,A,0,1,66,549.06,0.0648,oant
20160425-gel1,20160425-gel1-03,7803R8,232-7803R8,A,A,A,0,2,63.33,1002.1,0.1166,oant
20160425-gel1,20160425-gel1-03,7803R8,232-7803R8,A,A,A,0,3,60.07,1633.25,0.19,oant
20160425-gel1,20160425-gel1-03,7803R8,232-7803R8,A,A,A,0,4,56.81,1843.41,0.2095,oant
20160425-gel1,20160425-gel1-03,7803R8,232-7803R8,A,A,A,0,5,53.26,1453.12,0.1664,oant
20160425-gel1,20160425-gel1-03,7803R8,232-7803R8,A,A,A,0,6,49.11,971.96,0.1053,oant
20160425-gel1,20160425-gel1-03,7803R8,232-7803R8,A,A,A,0,7,44.96,608.8,0.0592,oant
20160425-gel1,20160425-gel1-03,7803R8,232-7803R8,A,A,A,0,8,41.12,293.31,0.0184,oant
20160425-gel1,20160425-gel1-03,7803R8,232-7803R8,A,A,A,0,9,39.1,156.27,NA,oant
20160425-gel1,20160425-gel1-03,7803R8,232-7803R8,A,A,A,0,10,37.58,77.98,NA,oant
20160425-gel1,20160425-gel1-03,7803R8,232-7803R8,A,A,A,0,11,36.45,83.02,NA,oant
20160425-gel1,20160425-gel1-03,7803R8,232-7803R8,A,A,A,0,12,34.3,59.53,NA,oant
20160425-gel1,20160425-gel1-03,7803R8,232-7803R8,A,A,A,0,13,31.78,62.73,NA,oant
20160425-gel1,20160425-gel1-03,7803R8,232-7803R8,A,A,A,0,14,29.25,76.92,NA,oant
20160425-gel1,20160425-gel1-03,7803R8,232-7803R8,A,A,A,0,15,27.18,83.35,NA,oant
20160425-gel1,20160425-gel1-03,7803R8,232-7803R8,A,A,A,0,16,25.53,183.55,NA,oant
20160425-gel1,20160425-gel1-03,7803R8,232-7803R8,A,A,A,0,17,23.38,273.1,0.0601,oant
20160425-gel1,20160425-gel1-03,7803R8,232-7803R8,A,A,A,0,18,21.97,212.61,0.0548,oant
20160425-gel1,20160425-gel1-03,7803R8,232-7803R8,A,A,A,0,19,20.89,274.89,0.0699,oant
20160425-gel1,20160425-gel1-03,7803R8,232-7803R8,A,A,A,0,20,17.2,97.81,0.0163,lpdaC
20160425-gel1,20160425-gel1-04,7803-A,101-7803-A,A,A,NA,0,1,48.52,18.33,0.0101,oant
20160425-gel1,20160425-gel1-04,7803-A,101-7803-A,A,A,NA,0,2,44.67,95.1,0.0417,oant
20160425-gel1,20160425-gel1-04,7803-A,101-7803-A,A,A,NA,0,3,41.24,229,0.1042,oant
20160425-gel1,20160425-gel1-04,7803-A,101-7803-A,A,A,NA,0,4,39.1,141.01,0.0687,oant
20160425-gel1,20160425-gel1-04,7803-A,101-7803-A,A,A,NA,0,5,27.26,263.92,0.1894,oant
20160425-gel1,20160425-gel1-04,7803-A,101-7803-A,A,A,NA,0,6,20.98,89.98,NA,oant
20160425-gel1,20160425-gel1-04,7803-A,101-7803-A,A,A,NA,0,7,17.45,1102.23,0.4995,lpdaC
20160425-gel1,20160425-gel1-04,7803-A,101-7803-A,A,A,NA,0,8,16.4,503.99,0.2497,lpda
20160425-gel1,20160425-gel1-06,19N5S1,225-19N5S1,T,N,N5,19,1,48.81,139.92,0.0137,oant
20160425-gel1,20160425-gel1-06,19N5S1,225-19N5S1,T,N,N5,19,2,44.37,433.35,0.0669,oant
20160425-gel1,20160425-gel1-06,19N5S1,225-19N5S1,T,N,N5,19,3,41.24,1306.69,0.2118,oant
20160425-gel1,20160425-gel1-06,19N5S1,225-19N5S1,T,N,N5,19,4,39.48,1098.03,0.173,oant
20160425-gel1,20160425-gel1-06,19N5S1,225-19N5S1,T,N,N5,19,5,36.57,70.23,0.008,oant
20160425-gel1,20160425-gel1-06,19N5S1,225-19N5S1,T,N,N5,19,6,27.76,193.85,0.0281,oant
20160425-gel1,20160425-gel1-06,19N5S1,225-19N5S1,T,N,N5,19,7,25.94,100.83,0.0122,oant
20160425-gel1,20160425-gel1-06,19N5S1,225-19N5S1,T,N,N5,19,8,23.79,283.61,0.0522,oant
20160425-gel1,20160425-gel1-06,19N5S1,225-19N5S1,T,N,N5,19,9,22.3,389.77,0.0477,oant
20160425-gel1,20160425-gel1-06,19N5S1,225-19N5S1,T,N,N5,19,10,21.39,627.76,0.1308,oant
20160425-gel1,20160425-gel1-06,19N5S1,225-19N5S1,T,N,N5,19,11,19.24,123.55,0.014,oant
20160425-gel1,20160425-gel1-06,19N5S1,225-19N5S1,T,N,N5,19,12,17.57,1099.52,0.1923,lpdaC
20160425-gel1,20160425-gel1-06,19N5S1,225-19N5S1,T,N,N5,19,13,16.58,271.77,0.0388,lpda
20160425-gel1,20160425-gel1-06,19N5S1,225-19N5S1,T,N,N5,19,14,11.91,44.35,0.0103,lpda
20160425-gel1,20160425-gel1-07,21N5S5,112-21N5S5,T,N,N5,21,1,40.36,1334.06,0.1828,oant
20160425-gel1,20160425-gel1-07,21N5S5,112-21N5S5,T,N,N5,21,2,38.21,1441.13,0.1932,oant
20160425-gel1,20160425-gel1-07,21N5S5,112-21N5S5,T,N,N5,21,3,24.7,190.38,0.0259,oant
20160425-gel1,20160425-gel1-07,21N5S5,112-21N5S5,T,N,N5,21,4,23.71,258.96,0.0375,oant
20160425-gel1,20160425-gel1-07,21N5S5,112-21N5S5,T,N,N5,21,5,22.47,461.69,0.065,oant
20160425-gel1,20160425-gel1-07,21N5S5,112-21N5S5,T,N,N5,21,6,20.89,741.61,0.105,oant
20160425-gel1,20160425-gel1-07,21N5S5,112-21N5S5,T,N,N5,21,7,19.9,829.19,0.1129,oant
20160425-gel1,20160425-gel1-07,21N5S5,112-21N5S5,T,N,N5,21,8,18.83,302.83,0.0444,oant
20160425-gel1,20160425-gel1-07,21N5S5,112-21N5S5,T,N,N5,21,9,17.45,156.75,0.0202,lpdaC
20160425-gel1,20160425-gel1-07,21N5S5,112-21N5S5,T,N,N5,21,10,16.34,368.62,0.054,lpda
20160425-gel1,20160425-gel1-07,21N5S5,112-21N5S5,T,N,N5,21,11,15.54,828.25,0.1073,lpda
20160425-gel1,20160425-gel1-07,21N5S5,112-21N5S5,T,N,N5,21,12,14.55,405.03,0.0517,lpda
20160425-gel1,20160425-gel1-09,19P2S2,214-19P2S2,T,P,P2,19,1,67.19,185.54,0.0326,oant
20160425-gel1,20160425-gel1-09,19P2S2,214-19P2S2,T,P,P2,19,2,64.52,267.16,0.0528,oant
20160425-gel1,20160425-gel1-09,19P2S2,214-19P2S2,T,P,P2,19,3,61.85,386.77,0.0869,oant
20160425-gel1,20160425-gel1-09,19P2S2,214-19P2S2,T,P,P2,19,4,58.59,480.29,0.1182,oant
20160425-gel1,20160425-gel1-09,19P2S2,214-19P2S2,T,P,P2,19,5,55.33,476.82,0.1238,oant
20160425-gel1,20160425-gel1-09,19P2S2,214-19P2S2,T,P,P2,19,6,51.78,397.3,0.1069,oant
20160425-gel1,20160425-gel1-09,19P2S2,214-19P2S2,T,P,P2,19,7,47.63,280.7,0.0732,oant
20160425-gel1,20160425-gel1-09,19P2S2,214-19P2S2,T,P,P2,19,8,43.48,198.09,0.0471,oant
20160425-gel1,20160425-gel1-09,19P2S2,214-19P2S2,T,P,P2,19,9,40.74,121.45,0.0288,oant
20160425-gel1,20160425-gel1-09,19P2S2,214-19P2S2,T,P,P2,19,10,38.59,48.72,0.0098,oant
20160425-gel1,20160425-gel1-09,19P2S2,214-19P2S2,T,P,P2,19,11,27.35,36.47,0.0068,oant
20160425-gel1,20160425-gel1-09,19P2S2,214-19P2S2,T,P,P2,19,12,25.53,19.68,0.0053,oant
20160425-gel1,20160425-gel1-09,19P2S2,214-19P2S2,T,P,P2,19,13,23.13,116.99,0.0303,oant
20160425-gel1,20160425-gel1-09,19P2S2,214-19P2S2,T,P,P2,19,14,21.64,176.7,0.0237,oant
20160425-gel1,20160425-gel1-09,19P2S2,214-19P2S2,T,P,P2,19,15,20.65,312.18,0.1042,oant
20160425-gel1,20160425-gel1-09,19P2S2,214-19P2S2,T,P,P2,19,16,17.02,482.23,0.1341,lpdaC
20160425-gel1,20160425-gel1-09,19P2S2,214-19P2S2,T,P,P2,19,17,16.03,82,0.0155,lpda
20160425-gel1,20160425-gel1-10,21P4S5,118-21P4S5,T,P,P4,21,1,66,508.92,0.029,oant
20160425-gel1,20160425-gel1-10,21P4S5,118-21P4S5,T,P,P4,21,2,62.74,811.55,0.0542,oant
20160425-gel1,20160425-gel1-10,21P4S5,118-21P4S5,T,P,P4,21,3,59.78,1260.75,0.0909,oant
20160425-gel1,20160425-gel1-10,21P4S5,118-21P4S5,T,P,P4,21,4,56.52,1699.38,0.1325,oant
20160425-gel1,20160425-gel1-10,21P4S5,118-21P4S5,T,P,P4,21,5,52.96,1780.42,0.1462,oant
20160425-gel1,20160425-gel1-10,21P4S5,118-21P4S5,T,P,P4,21,6,49.41,1502.47,0.1202,oant
20160425-gel1,20160425-gel1-10,21P4S5,118-21P4S5,T,P,P4,21,7,44.96,943.78,0.0819,oant
20160425-gel1,20160425-gel1-10,21P4S5,118-21P4S5,T,P,P4,21,8,40.99,648.35,0.074,oant
20160425-gel1,20160425-gel1-10,21P4S5,118-21P4S5,T,P,P4,21,9,38.84,488.5,0.0465,oant
20160425-gel1,20160425-gel1-10,21P4S5,118-21P4S5,T,P,P4,21,10,34.93,78.54,0.0049,oant
20160425-gel1,20160425-gel1-10,21P4S5,118-21P4S5,T,P,P4,21,11,32.79,59.69,0.0045,oant
20160425-gel1,20160425-gel1-10,21P4S5,118-21P4S5,T,P,P4,21,12,27.1,35.14,0.0018,oant
20160425-gel1,20160425-gel1-10,21P4S5,118-21P4S5,T,P,P4,21,13,26.02,66.53,0.0043,oant
20160425-gel1,20160425-gel1-10,21P4S5,118-21P4S5,T,P,P4,21,14,23.95,87.43,0.0063,oant
20160425-gel1,20160425-gel1-10,21P4S5,118-21P4S5,T,P,P4,21,15,21.8,331.21,0.0272,oant
20160425-gel1,20160425-gel1-10,21P4S5,118-21P4S5,T,P,P4,21,16,20.23,577.86,0.0511,oant
20160425-gel1,20160425-gel1-10,21P4S5,118-21P4S5,T,P,P4,21,17,19.08,719.12,0.0788,oant
20160425-gel1,20160425-gel1-10,21P4S5,118-21P4S5,T,P,P4,21,18,16.77,480.04,0.0365,lpdaC
20160425-gel1,20160425-gel1-10,21P4S5,118-21P4S5,T,P,P4,21,19,15.91,127.3,0.006,lpda
20160425-gel1,20160425-gel1-10,21P4S5,118-21P4S5,T,P,P4,21,20,14.8,236.07,0.0123,lpda
20160425-gel1,20160425-gel1-10,21P4S5,118-21P4S5,T,P,P4,21,21,13.38,NA,NA,lpda
