batch,isolation.id,strain.id,sampl.id,trt,lim,cID,day
1,1,01N3S2,101-01N3S2,T,N,N3,01
1,2,19N1S4,102-19N1S4,C,N,N1,19
1,3,01N3S4,103-01N3S4,T,N,N3,01
1,4,01P5S5,104-01P5S5,T,P,P5,01
1,5,19P2S4,105-19P2S4,T,P,P2,19
1,6,19P5S3,106-19P5S3,T,P,P5,19
1,7,19P5S1,107-19P5S1,T,P,P5,19
1,8,01P2S1,108-01P2S1,T,P,P2,01
1,9,19N5S2,109-19N5S2,T,N,N5,19
1,10,19N2S1,110-19N2S1,T,N,N2,19
1,11,19N1S2,111-19N1S2,C,N,N1,19
1,12,19N3S4,112-19N3S4,T,N,N3,19
1,13,19P4S5,113-19P4S5,T,P,P4,19
1,14,19P2S2,114-19P2S2,T,P,P2,19
1,15,01P2S2,115-01P2S2,T,P,P2,01
1,16,01N2S3,116-01N2S3,T,N,N2,01
1,17,01N3S3,117-01N3S3,T,N,N3,01
1,18,05P4S1,118-05P4S1,T,P,P4,05
1,19,05N2S1,119-05N2S1,T,N,N2,05
1,20,01N2S1,120-01N2S1,T,N,N2,01
1,21,01P4S5,121-01P4S5,T,P,P4,01
1,22,19P5S5,122-19P5S5,T,P,P5,19
1,23,01N2S4,123-01N2S4,T,N,N2,01
1,24,01N5S4,124-01N5S4,T,N,N5,01
1,25,19N5S1,125-19N5S1,T,N,N5,19
1,26,19N3S2,126-19N3S2,T,N,N3,19
1,27,19N3S5,127-19N3S5,T,N,N3,19
1,28,01N5S2,128-01N5S2,T,N,N5,01
1,29,19P4S3,129-19P4S3,T,P,P4,19
1,30,05N2S4,130-05N2S4,T,N,N2,05
1,31,WH8101,131-WH8101,NA,A,NA,NA
1,32,WH7803R8,132-WH7803R8,NA,A,NA,NA
1,33,WH7803R8R21,133-WH7803R8R21,NA,A,NA,NA
1,34,01P2S4,134-01P2S4,T,P,P2,01
1,35,01N2S1,135-01N2S1,T,N,N2,01
1,36,01N3S3,136-01N3S3,T,N,N3,01
1,37,19P5S5,137-19P5S5,T,P,P5,19
1,38,19N1S5,138-19N1S5,C,N,N1,19
1,39,01N3S4,139-01N3S4,T,N,N3,01
1,40,01P2S1,140-01P2S1,T,P,P2,01
1,41,19N2S1,141-19N2S1,T,N,N2,19
1,42,19N1S4,142-19N1S4,C,N,N1,19
1,43,19N5S2,143-19N5S2,T,N,N5,19
1,44,19P5S3,144-19P5S3,T,P,P5,19
1,45,19N3S4,145-19N3S4,T,N,N3,19
1,46,19N1S2,146-19N1S2,C,N,N1,19
1,47,05P4S1,147-05P4S1,T,P,P4,05
1,48,19P4S5,148-19P4S5,T,P,P4,19
1,49,01P2S2,149-01P2S2,T,P,P2,01
1,50,01P5S5,150-01P5S5,T,P,P5,01
1,51,19N2S5,151-19N2S5,T,N,N2,19
1,52,01P4S4,152-01P4S4,T,P,P4,01
1,53,19P2S2,153-19P2S2,T,P,P2,19
1,54,01N2S3,154-01N2S3,T,N,N2,01
1,55,19P5S1,155-19P5S1,T,P,P5,19
1,56,19P2S4,156-19P2S4,T,P,P2,19
1,57,19P2S1,157-19P2S1,T,P,P2,19
1,58,01N3S2,158-01N3S2,T,N,N3,01
1,59,01N3S3,159-01N3S3,T,N,N3,01
1,60,01P5S1,160-01P5S1,T,P,P5,01
1,61,21N5S5,161-21N5S5,T,N,N5,21
1,62,21P2S2,162-21P2S2,T,P,P2,21
1,63,21P3S2,163-21P3S2,C,P,P3,21
1,64,21P4S3,164-21P4S3,T,P,P4,21
1,65,21P4S5,165-21P4S5,T,P,P4,21
1,66,21P5S1,166-21P5S1,T,P,P5,21
1,67,21P5S3,167-21P5S3,T,P,P5,21
1,68,21P2S1,168-21P2S1,T,P,P2,21
1,69,21P4S4,169-21P4S4,T,P,P4,21
1,70,21P4S2,170-21P4S2,T,P,P4,21
1,71,21N3S4,171-21N3S4,T,N,N3,21
1,72,WH7803,172-WH7803,NA,A,NA,A
